aback,abase,abate,abbey,abbot,abhor,abide,abled,abode,abort,about,above,abuse,abyss,acorn,acrid,actor,acute,adage,adapt,added,adept,admin,admit,adobe,adopt,adore,adorn,adult,affix,afire,afoot,afoul,after,again,agape,agate,agent,agile,aging,aglow,agony,agree,ahead,aider,aisle,alarm,album,alert,algae,alibi,alien,align,alike,alive,allay,alley,allot,allow,alloy,aloft,alone,along,aloof,aloud,alpha,altar,alter,amass,amaze,amber,amble,amend,amiss,amity,among,ample,amply,amuse,angel,anger,angle,angry,angst,anime,ankle,annex,annoy,annul,anode,antic,anvil,aorta,apart,aphid,aping,apnea,apple,apply,april,apron,aptly,arbor,ardor,arena,argue,arise,armed,armor,aroma,arose,array,arrow,arson,artsy,ascot,ashen,asian,aside,askew,assay,asset,atoll,atone,attic,audio,audit,augur,aunty,avail,avert,avian,avoid,await,awake,award,aware,awash,awful,awoke,axial,axiom,axion,azure,bacon,badge,badly,bagel,baggy,baker,baler,balmy,banal,banjo,barge,baron,basal,basic,basil,basin,basis,baste,batch,bathe,baton,batty,bawdy,bayou,beach,beady,beard,beast,beech,beefy,befit,began,begat,beget,begin,begun,being,belch,belie,belle,belly,below,bench,beret,berry,berth,beset,betel,bevel,bezel,bible,bicep,biddy,bigot,bilge,billy,binge,bingo,biome,birch,birth,bison,bitch,bitty,black,blade,blame,bland,blank,blare,blast,blaze,bleak,bleat,bleed,bleep,blend,bless,blimp,blind,blink,bliss,blitz,bloat,block,bloke,blond,blood,bloom,blown,bluer,bluff,blunt,blurb,blurt,blush,board,boast,bobby,boney,bongo,bonus,booay,booby,boost,booth,booty,booze,borax,borne,bosom,bossy,botch,bough,boule,bound,bowel,boxer,brace,braid,brain,brake,brand,brash,brass,brave,bravo,brawl,brawn,bread,break,breed,briar,bribe,brick,bride,brief,brine,bring,brink,briny,brisk,broad,broil,broke,brood,brook,broom,broth,brown,brunt,brush,brute,buddy,budge,buggy,bugle,build,built,bulge,bulky,bully,bunch,bunny,burly,burnt,burst,bused,bushy,butch,butte,buxom,buyer,bylaw,cabal,cabby,cabin,cable,cacao,cache,cacti,caddy,cadet,cagey,cairn,camel,cameo,canal,candy,canny,canoe,canon,caper,caput,carat,cargo,carol,carry,carve,caste,catch,cater,catty,caulk,cause,cavil,cease,cedar,cello,chafe,chaff,chain,chair,chalk,champ,chant,chaos,chard,charm,chart,chase,chasm,cheap,cheat,check,cheek,cheer,chess,chest,chick,chide,chief,child,chili,chill,chime,china,chirp,chock,choir,choke,chord,chore,chose,chuck,chump,chunk,churn,chute,cider,cigar,cinch,circa,civic,civil,clack,claim,clamp,clang,clank,clash,clasp,class,clean,clear,cleat,cleft,clerk,click,cliff,climb,cling,clink,cloak,clock,clone,close,cloth,cloud,clout,clove,clown,cluck,clued,clump,clung,coach,coast,cobra,cocoa,colon,color,comet,comfy,comic,comma,conch,condo,conic,copse,coral,corer,corny,corps,couch,cough,could,count,coupe,court,coven,cover,covet,covey,cower,coyly,crack,craft,cramp,crane,crank,crash,crass,crate,crave,crawl,craze,crazy,creak,cream,credo,creed,creek,creep,creme,crepe,crept,cress,crest,crick,cried,crier,crime,crimp,crisp,croak,crock,crone,crony,crook,cross,croup,crowd,crown,crude,cruel,crumb,crump,crush,crust,crypt,cubic,cumin,curio,curly,curry,curse,curve,curvy,cutie,cyber,cycle,cynic,daddy,daily,dairy,daisy,dally,dance,dandy,datum,daunt,dealt,death,debar,debit,debug,debut,decal,decay,decor,decoy,decry,defer,deign,deity,delay,delta,delve,demon,demur,denim,dense,depot,depth,derby,deter,detox,deuce,devil,diary,dicey,digit,dilly,dimly,diner,dingo,dingy,diode,dirge,dirty,disco,ditch,ditto,ditty,diver,dizzy,dodge,dodgy,dogma,doing,dolly,donor,donut,dopey,doubt,dough,dowdy,dowel,downy,dowry,dozen,draft,drain,drake,drama,drank,drape,drawl,drawn,dread,dream,dress,dried,drier,drift,drill,drink,drive,droit,droll,drone,drool,droop,dross,drove,drown,druid,drunk,dryer,dryly,duchy,dully,dummy,dumpy,dunce,dusky,dusty,dutch,duvet,dwarf,dwell,dwelt,dying,eager,eagle,early,earth,easel,eaten,eater,ebony,eclat,edict,edify,eerie,egret,eight,eject,eking,elate,elbow,elder,elect,elegy,elfin,elide,elite,elope,elude,email,embed,ember,emcee,empty,enact,endow,enema,enemy,enjoy,ennui,ensue,enter,entry,envoy,epoch,epoxy,equal,equip,erase,erect,erode,error,erupt,essay,ester,ether,ethic,ethos,etude,evade,event,every,evict,evoke,exact,exalt,excel,exert,exile,exist,expel,extol,extra,exult,eying,fable,facet,faint,fairy,faith,false,fancy,fanny,farce,fatal,fatty,fault,fauna,favor,feast,fecal,feign,fella,felon,femme,femur,fence,feral,ferry,fetal,fetch,fetid,fetus,fever,fewer,fiber,ficus,field,fiend,fiery,fifth,fifty,fight,filer,filet,filly,filmy,filth,final,finch,finer,first,fishy,fixed,fixer,fizzy,fjord,flack,flail,flair,flake,flaky,flame,flank,flare,flash,flask,fleck,fleet,flesh,flick,flier,fling,flint,flirt,float,flock,flood,floor,flora,floss,flour,flout,flown,fluff,fluid,fluke,flume,flung,flunk,flush,flute,flyer,foamy,focal,focus,foggy,foist,folio,folly,foray,force,forge,forgo,forte,forth,forty,forum,found,foyer,frail,frame,frank,fraud,freak,freed,freer,fresh,friar,fried,frill,frisk,fritz,frock,frond,front,frost,froth,frown,froze,fruit,fudge,fugue,fully,fungi,funky,funny,furor,furry,fussy,fuzzy,gaffe,gaily,gamer,gamma,gamut,gassy,gaudy,gauge,gaunt,gauze,gavel,gawky,gayer,gayly,gazer,gecko,geeky,geese,genie,genre,ghost,ghoul,giant,giddy,gipsy,girly,girth,given,giver,glade,gland,glare,glass,glaze,gleam,glean,glide,glint,gloat,globe,gloom,glory,gloss,glove,glyph,gnash,gnome,godly,going,golem,golly,gonad,goner,goody,gooey,goofy,goose,gorge,gouge,gourd,grace,grade,graft,grail,grain,grand,grant,grape,graph,grasp,grass,grate,grave,gravy,graze,great,greed,greek,green,greet,grief,grill,grime,grimy,grind,gripe,groan,groin,groom,grope,gross,group,grout,grove,growl,grown,gruel,gruff,grunt,guard,guava,guess,guest,guide,guild,guile,guilt,guise,gulch,gully,gumbo,gummy,guppy,gusto,gusty,gypsy,habit,hairy,halve,handy,happy,hardy,harem,harpy,harry,harsh,haste,hasty,hatch,hater,haunt,haute,haven,havoc,hazel,heady,heard,heart,heath,heave,heavy,hedge,hefty,heist,helix,hello,hence,heron,hilly,hinge,hippo,hippy,hitch,hoard,hobby,hoist,holly,homer,honey,honor,horde,horny,horse,hotel,hotly,hound,house,hovel,hover,howdy,human,humid,humor,humph,humus,hunch,hunky,hurry,husky,hussy,hutch,hydro,hyena,hymen,hyper,icily,icing,ideal,idiom,idiot,idler,idyll,igloo,iliac,image,imbue,impel,imply,inane,inbox,incur,index,inept,inert,infer,ingot,inlay,inlet,inner,input,inter,intro,ionic,iraqi,irate,irish,irony,islam,islet,issue,itchy,ivory,jaunt,jazzy,jeans,jelly,jerky,jetty,jewel,jiffy,joint,joist,joker,jolly,joust,judge,juice,juicy,jumbo,jumpy,junta,junto,juror,kappa,karma,kayak,kebab,khaki,kinda,kinky,kiosk,kitty,knack,knave,knead,kneed,kneel,knelt,knife,knock,knoll,known,koala,krill,label,labor,laden,ladle,lager,lance,lanky,lapel,lapse,large,larva,laser,lasso,latch,later,lathe,latin,latte,laugh,layer,leach,leafy,leaky,leant,leapt,learn,lease,leash,least,leave,ledge,leech,leery,lefty,legal,leggy,lemon,lemur,leper,level,lever,libel,liege,light,liken,lilac,limbo,limit,linen,liner,lingo,lipid,lithe,liver,livid,llama,loamy,loath,lobby,local,locus,lodge,lofty,logic,login,loopy,loose,lorry,loser,louse,lousy,lover,lower,lowly,loyal,lucid,lucky,lumen,lumpy,lunar,lunch,lunge,lupus,lurch,lurid,lusty,lying,lymph,lyric,ma'am,macaw,macho,macro,madam,madly,mafia,magic,magma,maize,major,maker,mambo,mamma,mammy,manga,mange,mango,mangy,mania,manic,manly,manor,maple,march,marry,marsh,mason,masse,match,matey,mauve,maxim,maybe,mayor,mealy,meant,meaty,mecca,medal,media,medic,melee,melon,mercy,merge,merit,merry,metal,meter,metro,micro,midge,midst,might,milky,mimic,mince,miner,minim,minor,minty,minus,mirth,miser,missy,mixed,mocha,modal,model,modem,mogul,moist,molar,moldy,mommy,money,month,moody,moose,moral,moron,morph,mossy,motel,motif,motor,motto,moult,mound,mount,mourn,mouse,mouth,mover,movie,mower,mucky,mucus,muddy,mulch,mummy,munch,mural,murky,mushy,music,musky,musty,myrrh,nadir,naive,naked,nanny,nasal,nasty,natal,naval,navel,needy,neigh,nerdy,nerve,never,newer,newly,nicer,niche,niece,night,ninja,ninny,ninth,noble,nobly,noise,noisy,nomad,noose,north,nosey,notch,novel,nudge,nurse,nutty,nylon,nymph,oaken,obese,occur,ocean,octal,octet,odder,oddly,offal,offer,often,olden,older,olive,ombre,omega,onion,onset,opera,opine,opium,optic,orbit,order,organ,other,otter,ought,ounce,outdo,outer,outgo,ovary,ovate,overt,ovine,ovoid,owing,owner,oxide,ozone,paddy,pagan,paint,paler,palsy,panel,panic,pansy,papal,paper,parer,parka,parry,parse,party,pasta,paste,pasty,patch,patio,patsy,patty,pause,payee,payer,peace,peach,pearl,pecan,pedal,penal,pence,penne,penny,perch,peril,perky,pesky,pesto,petal,petty,phase,phone,phony,photo,piano,picky,piece,piety,piggy,pilot,pinch,piney,pinky,pinto,piper,pique,pitch,pithy,pivot,pixel,pixie,pizza,place,plaid,plain,plait,plane,plank,plant,plate,plaza,plead,pleat,plied,plier,pluck,plumb,plume,plump,plunk,plush,poesy,point,poise,poker,polar,polka,polyp,pooch,poppy,porch,poser,posit,posse,pouch,pound,pouty,power,prank,prawn,preen,press,price,prick,pride,pried,prime,primo,print,prior,prism,privy,prize,probe,prone,prong,proof,prose,proud,prove,prowl,proxy,prude,prune,psalm,pubic,pudgy,puffy,pulpy,pulse,punch,pupil,puppy,puree,purer,purge,purse,pushy,putty,pygmy,quack,quail,quake,qualm,quark,quart,quash,quasi,queen,queer,quell,query,quest,queue,quick,quiet,quill,quilt,quirk,quite,quota,quote,quoth,rabbi,rabid,racer,radar,radii,radio,rainy,raise,rajah,rally,ralph,ramen,ranch,randy,range,rapid,rarer,raspy,ratio,ratty,raven,rayon,razor,reach,react,ready,realm,rearm,rebar,rebel,rebus,rebut,recap,recur,recut,reedy,refer,refit,regal,rehab,reign,relax,relay,relic,remit,renal,renew,repay,repel,reply,rerun,reset,resin,retch,retro,retry,reuse,revel,revue,rhino,rhyme,rider,ridge,rifle,right,rigid,rigor,rinse,ripen,riper,risen,riser,risky,rival,river,rivet,roach,roast,robin,robot,rocky,rodeo,roger,rogue,roman,roomy,roost,rotor,rouge,rough,round,rouse,route,rover,rowdy,rower,royal,ruddy,ruder,rugby,ruler,rumba,rumor,rupee,rural,rusty,sadly,safer,saint,salad,sales,sally,salon,salsa,salty,salve,salvo,sandy,saner,sappy,sassy,satin,satyr,sauce,saucy,sauna,saute,savor,savoy,savvy,scald,scale,scalp,scaly,scamp,scant,scare,scarf,scary,scene,scent,scion,scoff,scold,scone,scoop,scope,score,scorn,scour,scout,scowl,scram,scrap,scree,screw,scrub,scrum,scuba,sedan,seedy,segue,seize,semen,sense,sepia,serif,serum,serve,setup,seven,sever,sewer,shack,shade,shady,shaft,shake,shaky,shale,shall,shalt,shame,shank,shape,shard,share,shark,sharp,shave,shawl,shear,sheen,sheep,sheer,sheet,sheik,shelf,shell,shied,shift,shine,shiny,shire,shirk,shirt,shoal,shock,shone,shook,shoot,shore,shorn,short,shout,shove,shown,showy,shrew,shrub,shrug,shuck,shunt,shush,shyly,siege,sieve,sight,sigma,silky,silly,since,sinew,singe,siren,sissy,sixth,sixty,skate,skier,skiff,skill,skimp,skirt,skulk,skull,skunk,slack,slain,slang,slant,slash,slate,slave,sleek,sleep,sleet,slept,slice,slick,slide,slime,slimy,sling,slink,sloop,slope,slosh,sloth,slump,slung,slunk,slurp,slush,slyly,smack,small,smart,smash,smear,smell,smelt,smile,smirk,smite,smith,smock,smoke,smoky,smote,snack,snail,snake,snaky,snare,snarl,sneak,sneer,snide,sniff,snipe,snoop,snore,snort,snout,snowy,snuck,snuff,soapy,sober,soggy,solar,solid,solve,sonar,sonic,sooth,sooty,sorry,sound,south,sower,space,spade,spank,spare,spark,spasm,spawn,speak,spear,speck,speed,spell,spelt,spend,spent,sperm,spice,spicy,spied,spiel,spike,spiky,spill,spilt,spine,spiny,spire,spite,splat,split,spoil,spoke,spoof,spook,spool,spoon,spore,sport,spout,spray,spree,sprig,spunk,spurn,spurt,squad,squat,squib,stack,staff,stage,staid,stain,stair,stake,stale,stalk,stall,stamp,stand,stank,stare,stark,start,stash,state,stave,stead,steak,steal,steam,steed,steel,steep,steer,stein,stern,stick,stiff,still,stilt,sting,stink,stint,stock,stoic,stoke,stole,stomp,stone,stony,stood,stool,stoop,store,stork,storm,story,stout,stove,strap,straw,stray,strip,strut,stuck,study,stuff,stump,stung,stunk,stunt,style,suave,sugar,suing,suite,sulky,sully,sumac,sunny,super,surer,surge,surly,sushi,swami,swamp,swarm,swash,swath,swear,sweat,sweep,sweet,swell,swept,swift,swill,swine,swing,swirl,swish,swoon,swoop,sword,swore,sworn,swung,synod,syrup,tabby,table,taboo,tacit,tacky,taffy,taint,taken,taker,tally,talon,tamer,tango,tangy,taper,tapir,tardy,tarot,taste,tasty,tatty,taunt,tawny,teach,teary,tease,teddy,teeth,tempo,tenet,tenor,tense,tenth,tepee,tepid,terms,terra,terse,testy,thank,theft,their,theme,there,these,theta,thick,thief,thigh,thing,think,third,thong,thorn,those,three,threw,throb,throw,thrum,thumb,thump,thyme,tiara,tibia,tidal,tiger,tight,tilde,timer,timid,tipsy,tired,titan,tithe,title,toast,today,toddy,token,tonal,tonga,tonic,tooth,topaz,topic,torch,torso,torus,total,totem,touch,tough,towel,tower,toxic,toxin,trace,track,tract,trade,trail,train,trait,tramp,trash,trawl,tread,treat,trend,triad,trial,tribe,trice,trick,tried,tripe,trite,troll,troop,trope,trout,trove,truce,truck,truer,truly,trump,trunk,truss,trust,truth,tryst,tubal,tuber,tulip,tulle,tumor,tunic,turbo,tutor,twang,tweak,tweed,tweet,twice,twine,twirl,twist,twixt,tying,udder,ulcer,ultra,umbra,uncle,uncut,under,undid,undue,unfed,unfit,unify,union,unite,unity,unlit,unmet,unset,untie,until,unwed,unzip,upper,upset,urban,urine,usage,usher,using,usual,usurp,utile,utter,vague,valet,valid,valor,value,valve,vapid,vapor,vault,vaunt,vegan,venom,venue,verge,verse,verso,verve,vicar,video,vigil,vigor,villa,vinyl,viola,viper,viral,virus,visit,visor,vista,vital,vivid,vixen,vocal,vodka,vogue,voice,voila,vomit,voter,vouch,vowel,vying,wacky,wafer,wager,wagon,waist,waive,waltz,warty,waste,watch,water,waver,waxen,weary,weave,wedge,weedy,weigh,weird,welch,welsh,whack,whale,wharf,wheat,wheel,whelp,where,which,whiff,while,whine,whiny,whirl,whisk,white,whole,whoop,whose,widen,wider,widow,width,wield,wight,willy,wimpy,wince,winch,windy,wiser,wispy,witch,witty,woken,woman,women,woody,wooer,wooly,woozy,wordy,works,world,worry,worse,worst,worth,would,wound,woven,wrack,wrath,wreak,wreck,wrest,wring,wrist,write,wrong,wrote,wrung,wryly,yacht,yearn,yeast,yield,young,yours,youth,zebra,zesty,zonal,aahed,aalii,aargh,aarti,abaca,abaci,abacs,abaft,abaka,abamp,aband,abash,abask,abaya,abbas,abbed,abbes,abcee,abdal,abeam,abear,abele,abers,abest,abets,abies,abiit,abito,abler,ables,ablet,ablow,abmho,abohm,aboil,abois,aboma,aboon,abord,abore,abram,abray,abrim,abrin,abris,absey,absit,abuna,abune,abuts,abuzz,abyes,abysm,acais,acari,accas,accoy,accra,acerb,acers,aceta,achar,ached,aches,achoo,acids,acidy,acing,acini,ackee,acker,acmes,acmic,acned,acnes,acock,acold,acred,acres,acris,acros,acted,actin,acton,actum,actus,acyls,adaga,adams,adapa,adaws,adays,adbot,addax,adder,addio,addle,adeem,adhan,adieu,adige,adios,aditi,adits,adjuc,adman,admen,admix,adobo,adown,adoze,adrad,adred,adsum,aduki,adunc,adust,advew,adyta,adzed,adzes,aecia,aedes,aegis,aegri,aeons,aequa,aequo,aerie,aeros,aesir,aesop,aetas,afald,afara,afars,afear,aflaj,aflak,afore,afric,afrit,afros,agama,agami,agars,agast,agave,agaze,agene,agers,agger,aggie,aggri,aggro,aggry,aghan,aghas,agila,agios,agism,agist,agita,agjus,aglee,aglet,agley,agloo,aglus,agmas,agnus,agoge,agone,agons,agood,agora,agria,agrin,agros,agued,agues,aguna,aguti,aheap,ahent,ahigh,ahind,ahing,ahint,ahold,ahull,ahura,ahuru,aidas,aided,aides,aidoi,aidos,aiery,aigas,aight,ailed,aimed,aimer,ainee,ainga,aioli,aired,airer,airns,airth,airts,aitch,aitus,aiunt,aiver,aiyee,aizle,ajaia,ajies,ajiva,ajuga,ajwan,akees,akela,akene,aking,akita,akkas,akron,alaap,alack,alamo,aland,alane,alang,alans,alant,alapa,alaps,alary,alate,alays,albas,albee,alcea,alces,alcid,alcos,aldea,alder,aldol,aleck,alecs,alefs,aleft,aleph,aleut,alews,aleye,alfas,algal,algas,alget,algid,algin,algol,algor,algum,alias,alifs,aliis,aline,alist,aliya,alkie,alkos,alkyd,alkyl,allah,allee,allel,aller,allis,allod,allyl,almah,almas,almeh,almes,almud,almug,alnus,alods,aloed,aloes,alogy,aloha,aloin,aloos,alosa,alowe,altho,altos,alula,alums,alure,alvar,alway,amahs,amain,amari,amate,amaut,amban,ambit,ambos,ambry,ameba,ameer,amene,amens,ament,amias,amice,amici,amide,amido,amids,amies,amiga,amigo,amine,amino,amins,amirs,amish,amlas,amman,ammon,ammos,amnia,amnic,amnio,amnis,amoks,amole,amore,amort,amoto,amour,amove,amowt,amped,ampul,amrit,amuck,amyls,anana,anasa,anata,ancho,ancle,ancon,andes,andro,anear,anele,anent,angas,anglo,anigh,anile,anils,anima,animi,animo,anion,anise,anjou,ankel,anker,ankhs,ankus,anlas,annal,annas,annat,annis,annum,annus,anoas,anole,anomy,ansae,anser,antae,antar,antas,anted,antes,antis,antra,antre,antsy,antum,anura,anyon,aotus,apace,apage,apaid,apayd,apays,apeak,apeek,apers,apert,apery,apgar,aphis,apian,apiol,apios,apish,apism,apium,apode,apods,apoop,aport,appal,appay,appel,appro,appui,appuy,apres,aprum,apses,apsis,apsos,apted,apter,aqaba,aquae,aquas,araba,arado,araks,arame,arare,arars,arawn,arbas,arced,arceo,archi,arcos,arcus,ardea,ardeb,ardet,ardri,aread,areae,areal,arear,areas,areca,aredd,arede,arefy,areic,arene,arepa,arere,arete,arets,arett,argal,argan,argil,argle,argol,argon,argos,argot,argus,arhat,arias,ariel,aries,ariki,arils,arins,ariot,arish,arius,arked,arled,arles,armer,armet,armil,armis,arnas,arnut,aroba,aroha,aroid,arpas,arpen,arrah,arras,arret,arris,arroz,arsed,arses,arsey,arsis,artal,artel,artem,artes,artic,artis,aruba,aruhe,arulo,arums,aruru,arval,arvee,arvos,aryan,aryls,asana,asarh,ascii,ascon,ascus,asdic,ashed,ashes,ashet,ashur,asked,asker,askoi,askos,aspen,asper,aspic,aspie,aspis,aspro,assai,assam,asses,assez,assot,assur,aster,astir,astra,astun,asura,aswan,asway,aswim,asyla,atajo,ataps,ataxy,atigi,atilt,atimy,atlas,atman,atmas,atmos,atocs,atoke,atoks,atole,atoms,atomy,atony,atopy,atque,atqui,atria,atrip,attap,attar,atuas,audad,auden,auger,aught,aulas,aulic,auloi,aulos,aumil,aunes,aunts,aurae,aural,aurar,auras,aurea,aurei,aures,auric,auris,aurum,autos,autre,auxin,avahi,avale,avant,avast,avels,avena,avens,avers,avgas,avile,avine,avion,avise,aviso,avize,avoir,avons,avows,avunt,avyze,awarn,awato,awave,aways,awdls,aweel,aweto,awing,awmry,awned,awner,awols,awork,axels,axile,axils,axing,axite,axled,axles,axman,axmen,axoid,axone,axons,ayahs,ayaya,ayelp,aygre,ayins,ayont,ayres,ayrie,azans,azide,azido,azine,azlon,azoic,azole,azons,azote,azoth,aztec,azuki,azurn,azury,azygy,azyme,azyms,baaed,baals,babar,babas,babel,babes,babka,baboo,babul,babus,bacca,bacco,baccy,bacha,bachs,backs,baddy,badli,baels,baffs,baffy,bafts,baghs,bagie,bahts,bahus,bahut,bails,bairn,baisa,baith,baits,baiza,baize,bajan,bajra,bajri,bajus,baked,baken,bakes,bakra,balas,balds,baldy,baled,bales,balks,balky,balle,balls,bally,balms,baloo,balsa,balti,balun,balus,bambi,banak,banch,banco,bancs,banda,bandh,bands,bandy,baned,banes,banff,bangs,bania,banks,banns,bants,bantu,banty,banya,bapus,barba,barbe,barbs,barbu,barby,barca,barde,bardo,bards,bardy,bared,barer,bares,barfi,barfs,baric,barks,barky,barms,barmy,barns,barny,barps,barra,barre,barro,barry,barye,basan,based,basel,basen,baser,bases,basho,basij,basks,bason,basse,bassi,basso,bassy,basta,basti,basto,basts,bated,bates,baths,batik,batis,batta,batts,battu,bauds,bauks,baulk,baurs,bavin,bawds,bawks,bawls,bawns,bawrs,bawty,bayed,bayer,bayes,bayle,bayts,bazar,bazoo,beads,beaks,beaky,beals,beams,beamy,beano,beans,beany,beare,bears,beath,beati,beats,beaty,beaus,beaut,beaux,bebas,bebop,becap,beche,becke,becks,bedad,bedel,bedes,bedew,bedim,bedye,beedi,beefs,beeps,beers,beery,beets,befog,begad,begar,begem,begot,begum,beige,beigy,beins,bekah,belah,belar,belay,belee,belga,bella,belli,bello,bells,belon,belts,belus,bemad,bemas,bemix,bemud,bends,bendy,benes,benet,benga,benin,benis,benne,benni,benny,bento,bents,benty,bepat,beray,bercy,beres,bergs,berko,berks,berme,berms,berob,beroe,beryl,besat,besaw,besee,beses,besit,besom,besot,beste,besti,bests,betas,beted,betes,beths,betid,beton,betta,betty,bever,bevor,bevue,bevvy,bewet,bewig,bezes,bezil,bezzy,bhaga,bhais,bhaji,bhang,bhats,bhels,bhoot,bhuna,bhuts,biach,biali,bialy,bibbs,bibes,bibos,biccy,bices,bided,bider,bides,bidet,bidis,bidon,bield,biers,biffo,biffs,biffy,bifid,bigae,biggs,biggy,bigha,bight,bigly,bigos,bihar,bijou,biked,biker,bikes,bikie,bilbo,bilby,biled,biles,bilgy,bilks,bills,bimah,bimas,bimbo,binal,bindi,binds,biner,bines,bings,bingy,binit,binks,bints,biogs,bioko,biont,biota,biped,bipod,birds,birks,birle,birls,biros,birrs,birse,birsy,bises,bisks,bisom,biter,bites,bitis,bitos,bitou,bitsy,bitte,bitts,bivia,bivvy,bizes,bizzo,bizzy,blabs,blads,blady,blaer,blaes,blaff,blags,blahs,blain,blams,blanc,blart,blase,blash,blate,blats,blatt,blaud,blawn,blaws,blays,blear,blebs,blech,blees,blent,blert,blest,blets,bleys,bligh,blimy,bling,blini,blins,bliny,blips,blist,blite,blits,blive,blobs,blocs,blodd,blogs,blook,bloop,blore,blots,blows,blowy,blubs,blude,bluds,bludy,blued,blues,bluet,bluey,bluid,blume,blunk,blurs,blype,boabs,boaks,boann,boars,boart,boats,bobac,bobak,bobas,bobol,bobos,bocca,bocce,bocci,boche,bocks,boded,bodes,bodge,bodhi,bodle,boeps,boets,boeuf,boffo,boffs,bogan,bogey,boggy,bogie,bogle,bogue,bogus,bohea,bohos,boils,boing,boink,boire,boise,boite,boked,bokeh,bokes,bokos,bolar,bolas,bolds,boles,bolix,bolls,bolos,bolti,bolts,bolus,bomas,bombe,bombo,bombs,bonce,bonds,boned,boner,bones,bongs,bonie,bonis,bonks,bonne,bonny,bonos,bonum,bonza,bonze,booai,boobs,boody,booed,boofy,boogy,boohs,books,booky,boole,bools,booly,booms,boomy,boone,boong,boons,boord,boors,boose,boots,boozy,boppy,borak,boral,boras,borde,bords,bored,boree,borel,borer,bores,borgo,boric,borks,borms,borna,borns,boron,borts,borty,bortz,bosie,bosks,bosky,boson,bosun,botas,botel,botes,bothy,botte,botts,botty,bouge,bouks,boult,bouns,bourd,bourg,bourn,bouse,bousy,bouts,bovid,bowat,bowed,bower,bowes,bowet,bowie,bowls,bowne,bowrs,bowse,boxed,boxen,boxes,boxla,boxty,boyar,boyau,boyed,boyfs,boygs,boyla,boyne,boyos,boysy,bozos,braai,brach,brack,bract,brads,braes,bragg,bragi,brags,brahm,brail,braks,braky,brama,brame,brane,brank,brans,brant,brast,brats,brava,bravi,braws,braxy,brays,braza,braze,bream,brede,breds,breem,breer,brees,breid,breis,breme,brens,brent,brere,brers,brett,breve,brews,breys,brian,brier,bries,brigs,briki,briks,brill,brims,brins,brios,brise,briss,brith,brits,britt,brize,broch,brock,brods,brogh,brogs,brome,bromo,bronc,brond,bronx,brool,broos,brose,brosy,brows,brrok,bruce,brugh,bruin,bruit,brule,brume,brung,brusk,brust,bruts,bryon,bryum,buats,buaze,bubal,bubas,bubba,bubbe,bubby,bubus,buchu,bucko,bucks,bucku,budas,budis,budos,bueno,buffa,buffe,buffi,buffo,buffs,buffy,bufos,bufty,buhls,buhrs,buiks,buist,bukes,bulbs,bulgy,bulks,bulla,bulls,bulse,bumbo,bumfs,bumph,bumps,bumpy,bunas,bunce,bunco,bunde,bundh,bunds,bundt,bundu,bundy,bungs,bungy,bunia,bunje,bunjy,bunko,bunks,bunns,bunts,bunty,bunya,buoys,buppy,buran,buras,burbs,burds,buret,burfi,burgh,burgs,burin,burka,burke,burks,burls,burns,buroo,burps,burqa,burro,burrs,burry,bursa,burse,busby,busch,buses,busks,busky,bussu,busti,busts,busty,butea,buteo,butes,butle,butoh,butts,butty,butut,butyl,buxus,buzzy,bvd's,bwana,bwazi,byded,bydes,byked,bykes,byres,byrls,byron,byssa,byssi,bytes,byway,caaed,cabas,caber,cabob,caboc,cabre,cacas,cachi,cacks,cacky,cacus,caddo,cadee,cader,cades,cadge,cadgy,cadie,cadis,cadit,cadiz,cadra,cadre,caeca,caelo,caese,caeur,cafes,caffs,caged,cager,cages,cagot,cahot,cahow,caids,cains,caird,cairo,cajon,cajun,caked,cakes,cakey,calbe,calfs,calid,calif,calix,calks,calla,calls,calms,calmy,calos,calpa,calps,calva,calve,calyx,caman,camas,cames,camis,camos,campi,campo,camps,campy,camus,canas,caned,caneh,caner,canes,cangs,canid,canis,canna,canns,canso,canst,canto,cants,canty,capas,caped,capes,capex,caphs,capit,capiz,caple,capon,capos,capot,capra,capri,capul,carap,carbo,carbs,carby,cardi,cards,cardy,cared,carer,cares,caret,carex,carib,carks,carle,carls,carns,carny,carob,carom,caron,carpe,carpi,carps,carre,carrs,carse,carta,carte,carts,carum,carvy,carya,carys,casas,casco,cased,cases,casks,casky,casts,casus,cates,cauda,cauks,cauld,cauls,caums,caups,cauri,causa,cavas,caved,cavel,caver,caves,cavia,cavie,cawed,cawks,caxon,ceaze,cebid,cebus,cecal,cecum,ceded,ceder,cedes,cedis,ceiba,ceibo,ceili,ceils,celeb,cella,celli,cells,celom,celts,celui,cense,cento,cents,centu,ceorl,cepes,ceras,cerci,cered,ceres,cerge,ceria,ceric,cerne,cerni,ceroc,ceros,certa,certs,certy,cesse,cesta,cesti,cetes,cetyl,cezve,chace,chack,chaco,chado,chads,chaft,chais,chait,chaja,chals,chams,chana,chang,chank,chape,chaps,chapt,chara,chare,chark,charr,chars,chary,chats,chave,chavs,chawk,chaws,chaya,chays,cheep,chefs,cheka,chela,chelp,chemo,chems,chere,chert,cheth,chevy,chewa,chews,chewy,chian,chiao,chias,chibs,chica,chich,chico,chics,chiel,chien,chiks,chile,chimb,chimo,chimp,chine,ching,chink,chino,chins,chios,chips,chirk,chirl,chirm,chiro,chirr,chirt,chiru,chits,chive,chivs,chivy,chizz,chloe,choco,chocs,chode,chogs,choil,choix,choko,choky,chola,choli,cholo,chomp,chons,choof,chook,choom,choon,chops,chota,chott,chout,choux,chowk,chows,chubs,chufa,chuff,chugs,chums,churl,churr,chuse,chuts,chyle,chyme,chynd,cibol,cicer,cided,cides,ciels,ciggy,cigit,cilia,cills,cimar,cimex,cinct,cines,cinqs,cions,cippi,circe,circs,cires,cirls,cirri,cisco,cissy,cists,cital,cited,citer,cites,cives,civet,civie,civis,civvy,clach,clade,clads,claes,clags,clame,clams,clans,claps,clapt,claro,clart,clary,clast,clats,claut,clave,clavi,claws,clays,cleck,cleek,cleep,clefs,clegs,cleik,clems,clepe,clept,cleve,clews,clich,clied,clies,clift,clime,cline,clint,clipe,clips,clipt,clits,cloam,clods,cloff,clogs,cloke,clomb,clomp,clonk,clons,cloop,cloot,clops,clote,clots,clour,clous,clows,cloye,cloys,cloze,clubs,clues,cluey,clunk,clype,cnida,coact,coady,coaid,coala,coals,coaly,coapt,coarb,coate,coati,coats,cobbs,cobby,cobia,coble,cobol,cobza,cocas,cocci,cocco,cocka,cocks,cocky,cocos,cocus,codas,codec,coded,codem,coden,coder,codes,codex,codon,co-ed,coeds,coelo,coeur,coffs,cogie,cogon,cogue,cohab,cohen,cohoe,cohog,cohos,cohue,coifs,coign,coils,coins,coirs,coits,coked,cokes,colas,colby,colds,coled,coles,coley,colic,colin,colls,colly,colog,colts,colza,comae,comal,comas,combe,combi,combo,combs,comby,comer,comes,comix,comme,commo,comms,commy,comon,compo,comps,compt,comte,comus,coned,cones,coney,confs,conga,conge,congo,conia,conin,conks,conky,conne,conns,connu,conoy,conte,conto,conus,convo,cooch,cooed,cooee,cooer,cooey,coofs,cooks,cooky,coold,cools,cooly,coomb,cooms,coomy,coons,coops,coopt,coost,coots,cooze,copal,copay,coped,copen,coper,copes,copia,coppy,copra,copsy,coqui,coram,corbe,corby,corda,cords,cored,cores,corey,corgi,coria,corks,corky,corms,corni,corno,corns,cornu,corse,corso,corto,cosec,cosed,coses,coset,cosey,cosie,costa,coste,costs,cotan,coted,cotes,coths,cotta,cotts,coude,coups,courb,courd,coure,cours,couta,coute,couth,coved,coves,covin,cowal,cowan,cowed,cowks,cowls,cowps,cowry,coxae,coxal,coxed,coxes,coxib,coyau,coyed,coyer,coyol,coypu,cozed,cozen,cozes,cozey,cozie,craal,crabs,crags,craic,craig,crake,crame,crams,crans,crape,craps,crapy,crare,craws,crays,creat,crecy,crede,creds,creel,crees,crems,crena,creps,crepy,crete,crewe,crews,crias,cribs,cries,crims,crine,crios,cripe,crips,crise,crith,crits,crius,crme,croat,croci,crocs,croft,crogs,cromb,crome,cronk,crons,crool,croon,crops,crore,crost,crout,crows,croze,cruck,crudo,cruds,crudy,crues,cruet,cruft,crunk,cruor,crura,cruse,crusy,cruve,crwth,cryer,csako,ctene,cuban,cubby,cubeb,cubed,cuber,cubes,cubit,cuddy,cuffo,cuffs,cuifs,cuing,cuish,cuits,cukes,culch,culet,culex,culls,cully,culms,culpa,culti,cults,culty,cumec,cundy,cunei,cunit,cunts,cupel,cupid,cuppa,cuppy,curat,curbs,curch,curds,curdy,cured,curer,cures,curet,curfs,curia,curie,curli,curls,curns,curny,currs,cursd,cursi,curst,cusec,cushy,cusks,cusps,cuspy,cusso,cusum,cutch,cuter,cutes,cutey,cutin,cutis,cutto,cutty,cutup,cuvee,cuzes,cwtch,cyano,cyans,cycad,cycas,cyclo,cyder,cygne,cylix,cymae,cymar,cymas,cymes,cymol,cysts,cytes,cyton,czars,czech,daals,dabba,dabri,dacca,daces,dacha,dacks,dadah,dadas,dados,daeva,daffs,daffy,dagan,dagda,dagga,daggy,dagon,dagos,dahls,daiko,daine,daint,dakar,daker,dalal,dalea,daled,dales,dalis,dalle,dalts,daman,damar,dames,damme,damns,damon,damps,dampy,danae,dancy,dandi,dangs,danio,danks,danny,dante,dants,daraf,darbs,darby,darcy,dared,darer,dares,darga,dargs,daric,daris,darks,darky,darns,darre,darts,darzi,dashi,dashy,datal,dated,dater,dates,datos,datto,daube,daubs,dauby,dauds,dault,daurs,dauts,daven,david,davit,davus,dawah,dawds,dawed,dawen,dawks,dawns,dawts,dayan,daych,daynt,dazed,dazer,dazes,d-day,deads,deair,deals,deans,deare,dearn,dears,deary,deash,deave,deaws,deawy,debag,debby,debel,debes,debts,debud,debur,debus,debye,decad,decaf,decan,decet,decit,decko,decks,decos,dedal,dedit,deeds,deedy,deely,deems,deens,deeps,deere,deers,deets,deeve,deevs,defat,deffo,defie,defis,defog,degas,degum,degus,deice,deids,deify,deils,deism,deist,deked,deker,dekes,dekko,deled,deles,delfs,delft,delhi,delis,dells,delly,delos,delph,delts,deman,demel,demes,demic,demit,demob,demoi,demos,dempt,denar,denay,dench,denes,denet,denis,dents,deoxy,depee,derat,deray,dered,deres,derig,derma,derms,derns,derny,deros,derri,derro,derry,derth,dervs,desex,deshi,desis,desks,desse,desto,detat,detre,devas,devel,devex,devis,devon,devos,devot,dewan,dewar,dewax,dewed,dewey,dexes,dexie,dhaba,dhaks,dhals,dhawa,dheur,dhikr,dhobi,dhole,dholl,dhols,dhote,dhoti,dhows,dhuti,diact,dials,diana,diane,diazo,dibbs,diced,dicen,dicer,dices,dicht,dicis,dicks,dicky,dicot,dicta,dicto,dicts,dictu,dicty,diddy,didie,didos,didst,diebs,diels,diene,diets,diffs,dight,dikas,diked,diker,dikes,dikey,dildo,dilli,dills,dimbo,dimer,dimes,dimps,dinar,dined,dines,dinge,dings,dinic,dinka,dinks,dinky,dinna,dinos,dints,diols,dioon,diota,dippy,dipso,dipus,diram,dirca,direr,dirke,dirks,dirls,dirts,disas,disce,disci,discs,dishy,disks,disme,dital,ditas,dited,dites,ditsy,ditts,ditzy,divan,divas,dived,dives,divis,divna,divos,divot,divvy,diwan,dixie,dixit,diyas,dizen,djinn,djins,doabs,doats,dobby,dobes,dobie,dobla,dobra,dobro,doces,docet,docht,docks,docos,docus,doddy,dodos,doeil,doeks,doers,doesn,doest,doeth,doffs,dogan,doges,dogey,doggo,doggy,dogie,dohyo,doilt,doily,doits,dojos,dolce,dolci,doled,doles,dolia,dolls,dolma,dolor,dolos,dolts,domal,domed,domes,domic,domum,donah,donar,donas,donec,donee,doner,donga,dongs,donko,donna,donne,donny,donsy,doobs,dooce,doody,dooks,doole,dools,dooly,dooms,doomy,doona,doorn,doors,doozy,dopas,doped,doper,dopes,dorad,dorba,dorbs,doree,dores,doric,doris,dorks,dorky,dorms,dormy,dorps,dorrs,dorsa,dorse,dorts,dorty,dosai,dosas,dosed,doseh,doser,doses,dosha,dotal,doted,doter,dotes,dotty,douar,douce,doucs,douks,doula,douma,doums,doups,doura,douse,douts,doved,doven,dover,doves,dovie,dowar,dowds,dowed,dower,dowie,dowle,dowls,dowly,downa,downs,dowps,dowse,dowts,doxed,doxes,doxie,doyen,doyly,dozed,dozer,dozes,dphil,draba,drabs,drack,draco,draff,drags,drail,drame,drams,drant,draps,drats,drave,draws,drays,drear,dreck,dreed,dreer,drees,dregs,dreks,drent,drere,drest,dreys,dribs,drice,dries,drily,drips,dript,droid,droil,droke,drole,drome,drony,droob,droog,drook,dropp,drops,dropt,drouk,drows,drubs,drugs,drums,drupe,druse,drusy,druxy,dryad,dryas,dsobo,dsomo,duads,duals,duans,duars,dubbo,ducal,ducat,duces,ducks,ducky,ducts,duddy,duded,dudes,duels,duets,duett,duffs,dufus,duing,duits,dukas,duked,dukes,dukka,dulce,dules,dulia,dulls,dulse,dumas,dumbo,dumbs,dumka,dumky,dumps,dunam,dunch,dunes,dungs,dungy,dunks,dunno,dunny,dunsh,dunts,duomi,duomo,duped,duper,dupes,duple,duply,duppy,dural,duras,dured,dures,durga,durgy,durio,durns,duroc,duros,duroy,durra,durrs,durry,durst,durum,durzi,dusks,dusts,duval,duxes,dwaal,dwale,dwalm,dwams,dwang,dwaum,dweeb,dwile,dwine,dyads,dyaus,dyers,dykon,dylan,dynel,dynes,dzhos,eagre,ealed,eales,eaned,eards,eared,earls,earns,earnt,earst,eased,easer,eases,easle,easts,eathe,eaved,eaves,ebbed,ebbet,eblis,ebons,ebook,ecads,eched,eches,echos,ecrus,edema,edged,edger,edges,edile,edits,educe,educt,eejit,eensy,eeven,eevns,effed,egads,egers,egest,eggar,egged,egger,egmas,egypt,ehing,eider,eidos,eigne,eiked,eikon,eilds,eisel,eisen,ejido,ekkas,elain,eland,elans,elchi,eldin,elead,elemi,eleve,elfed,eliad,elief,elint,eliot,elmen,elmos,eloge,elogy,eloin,elops,elpee,elsin,elute,elvan,elven,elver,elves,emacs,embar,embay,embog,embow,embox,embus,emeer,emend,emerg,emery,emeus,emics,emile,emirs,emits,emmas,emmer,emmet,emmew,emmys,emoji,emong,emote,emove,emply,empta,empts,emule,emure,emyde,emyds,ename,enarm,enate,enbas,ended,ender,endew,endue,enets,enews,enfix,eniac,enlil,enlit,enmew,ennog,enoki,enols,enorm,enows,enrol,ensew,ensis,ensky,entia,entre,enure,enurn,envoi,enzym,eolus,eorls,eosin,epact,epees,ephah,ephas,ephod,ephor,epics,epode,epona,epopt,eppur,epris,epsom,eques,equid,equus,erato,erbia,erevs,ergon,ergos,ergot,erhus,erica,erick,erics,ering,erned,ernes,erose,erous,erred,erses,erste,eruca,eruct,erugo,erunt,eruvs,erven,ervil,escar,escot,esile,eskar,esker,esnes,espri,essen,esses,estoc,estop,estro,etage,etape,etats,etens,ethal,ethne,ethyl,etics,etnas,ettin,ettle,etuis,etwee,etyma,eughs,euked,eundo,eupad,euros,eusol,evens,evert,evets,evhoe,evils,evite,evohe,evove,ewers,ewest,ewhow,ewked,ex(a),exams,exeat,execs,exeem,exegi,exeme,exfil,exies,exine,exing,exits,exode,exome,exons,expat,expos,exude,exuls,exurb,eyass,eyers,eyots,eyras,eyres,eyrie,eyrir,ezine,fabby,faber,faced,facer,faces,facia,facie,facit,facon,facta,facti,facto,facts,faddy,faded,fader,fades,fadge,fados,faena,faery,faffs,faffy,fagin,fagot,fagus,faiks,fails,faine,fains,faire,fairs,faked,faker,fakes,fakey,fakie,fakir,falaj,falak,falco,falln,falls,falsi,famed,fames,fanal,fandi,fando,fands,fanes,fanga,fango,fangs,fanks,fanon,fanos,fanum,faon,faqir,farad,farci,farcy,fards,fared,farer,fares,fargo,farle,farls,farms,faros,farro,farse,farsi,farts,fasci,fasti,fasts,fated,fates,fatly,fatso,fatta,fatwa,faugh,fauld,faule,fauns,faurd,faust,faute,fauts,fauve,favas,favel,faver,faves,favet,favus,fawns,fawny,faxed,faxes,fayed,fayer,fayne,fayre,fazed,fazes,feals,feare,fears,feart,fease,feats,feaze,feces,fecht,fecit,fecks,fedex,feebs,feeds,feels,feens,feers,feese,feeze,fehme,feint,feist,felch,felid,felis,felix,fells,felly,felts,felty,femal,femes,femmy,fends,fendy,fenis,fenks,fenny,fents,feods,feoff,ferat,ferer,feres,feria,ferly,fermi,ferms,ferns,ferny,feroe,ferre,fesse,festa,fests,festy,fetas,feted,fetes,fetor,fetta,fetts,fetwa,feuar,feuds,feued,feyed,feyer,feyly,fezes,fezzy,fianc,fiars,fiats,fibro,fices,fiche,fichu,ficin,ficos,fidei,fides,fidge,fidos,fidus,fieff,fiefs,fient,fiere,fieri,fiers,fiest,fifed,fifer,fifes,fifis,figgy,figos,fiked,fikes,filar,filch,filed,files,filii,filks,fille,fillo,fills,filmi,films,filos,filum,finca,finds,fined,finem,fines,finis,finks,finny,finos,fiord,fiqhs,fique,fired,firer,fires,firie,firks,firma,firms,firns,firry,firth,fiscs,fishs,fisks,fists,fisty,fitch,fitly,fitna,fitte,fitts,fiver,fives,fixes,fixit,fjeld,flabs,flaff,flags,flaks,flamb,flamm,flams,flamy,flane,flans,flant,flaps,flary,flats,flava,flawn,flaws,flawy,flaxy,flays,fleam,fleas,fleek,fleer,flees,flegs,fleme,fleur,flews,flexi,flexo,fleys,flics,flied,flies,flimp,flims,flips,flirs,flisk,flite,flits,flitt,flobs,flocs,floes,flogs,flong,flops,flors,flory,flosh,flota,flote,flows,flubs,flued,flues,fluey,fluky,flump,fluor,flurr,fluty,fluyt,flyby,flype,flyte,foals,foams,focis,foehn,fogey,fogie,fogle,fogou,fohns,foids,foils,foins,folds,foley,folia,folic,folie,folks,folky,fomes,fomor,fonda,fonds,fondu,fones,fonly,fonts,foods,foody,fools,foots,footy,foram,forbs,forby,fordo,fords,forel,fores,forex,forks,forky,forma,forme,forms,forti,forts,forza,forze,fossa,fosse,fouat,fouds,fouer,fouet,foule,fouls,fount,fours,fouth,fovea,fowls,fowth,foxed,foxes,foxie,foyle,foyne,frabs,fraca,frack,fract,frags,fraim,frais,franc,frape,frapp,fraps,frass,frate,frati,frats,fraus,frays,frees,freet,freit,fremd,frena,freon,frere,frets,freud,freya,fribs,frier,fries,frigg,frigs,frise,frist,frith,frits,fritt,frize,frizz,froes,frogs,froid,frons,frore,frorn,frory,frosh,frows,frowy,frugs,frump,frush,frust,fryer,fted,fubar,fubby,fubsy,fucks,fucus,fuddy,fudgy,fuego,fuels,fuero,fuffs,fuffy,fugal,fuggy,fugie,fugio,fugit,fugle,fugly,fugus,fujis,fullc,fulls,fumed,fumer,fumes,fumet,fumid,fundi,funds,fundy,fungo,fungs,funks,fural,furan,furca,furls,furol,furrs,furst,furth,furto,furze,furzy,fused,fusee,fusel,fuses,fusil,fusks,fusts,fusty,futon,fuzed,fuzee,fuzes,fuzil,fyces,fyked,fykes,fyles,fyrds,fytte,gabba,gabby,gabel,gable,gabon,gaddi,gades,gadge,gadid,gadis,gadje,gadjo,gadso,gadus,gaffs,gaged,gager,gages,gaids,gains,gairs,gaita,gaits,gaitt,gajos,galah,galan,galas,galax,galea,galed,galen,gales,galls,gally,galop,galut,galvo,gamas,gamay,gamba,gambe,gambo,gambs,gamed,games,gamey,gamic,gamin,gamme,gammy,gamps,ganch,gandy,ganef,ganev,gangs,ganja,ganof,gansu,gants,gaols,gaped,gaper,gapes,gapos,gappy,garbe,garbo,garbs,garda,garde,gares,garis,garms,garni,garre,garth,garum,gases,gasps,gaspy,gasts,gatch,gated,gater,gates,gaths,gator,gauch,gaucy,gauds,gauje,gault,gaums,gaumy,gaups,gauri,gaurs,gauss,gauzy,gavia,gavot,gawcy,gawds,gawks,gawps,gawsy,gayal,gazal,gazar,gazed,gazes,gazon,gazoo,geals,geans,geant,geare,gears,geats,gebur,gecks,geeks,geeps,geest,geist,geits,gelds,gelee,gelid,gelly,gelts,gemel,gemma,gemmy,gemot,genal,genas,genes,genet,genic,genii,genip,genny,genoa,genom,genou,genro,gents,genty,genua,genug,genus,geode,geoid,gerah,gerbe,gerea,geres,gerle,germs,germy,gerne,gesse,gesso,geste,gests,getas,getup,geums,geyan,geyer,ghana,ghast,ghats,ghaut,ghazi,ghees,ghest,ghyll,gibed,gibel,giber,gibes,gibli,gibus,gidar,gifts,gigas,gighe,gigot,gigue,gilas,gilds,giles,gilet,gills,gilly,gilpy,gilts,gimel,gimme,gimps,gimpy,ginch,ginge,gings,ginks,ginny,ginzo,giova,gipon,gippo,gippy,girds,girls,girns,giron,giros,girrs,girru,girsh,girts,gismo,gisms,gists,gitch,gites,giust,gived,gives,gizmo,glace,glads,glady,glaik,glair,glams,glans,glary,glaum,glaur,glaux,glave,glazy,gleba,glebe,gleby,glede,gleds,gleed,gleek,glees,gleet,gleis,glenn,glens,glent,gleys,glial,glias,glibs,gliff,glift,glike,glime,glims,glisk,glits,glitz,gloam,gloar,globi,globs,globy,glode,glogg,gloms,gloop,glops,glost,glout,glows,gloze,gluck,glued,gluer,glues,gluey,glugs,glume,glums,gluon,glute,gluts,g-man,gnarl,gnarr,gnars,gnats,gnawn,gnaws,gnows,goads,goafs,goals,goary,goats,goaty,goban,gobar,gobbi,gobbo,gobby,gobio,gobis,gobos,godet,godso,goels,goers,goest,goeth,goety,gofer,goffs,gogga,gogos,goier,gojis,golds,goldy,goles,golfs,golpe,golps,gombo,gomer,gompa,gonch,gondi,gonef,gongs,gonia,gonif,gonks,gonna,gonof,gonys,gonzo,gooby,goods,goofs,googs,gooky,goold,gools,gooly,goons,goony,goops,goopy,goors,goory,goosh,goosy,gopak,gopik,goral,goran,goras,gored,gores,goris,gorki,gorms,gormy,gorps,gorse,gorsy,gosht,gosse,gotch,gotha,goths,gothy,gotta,gouch,gouda,gouks,goura,gouts,gouty,gowan,gowds,gowfs,gowks,gowls,gowns,goxes,goyim,goyle,gr/to,graal,grabs,grado,grads,graff,graip,grama,grame,gramp,grams,grana,grano,grans,grapy,grata,gravs,grays,grce,grebe,grebo,grece,grees,grege,grego,grein,grens,grese,greve,grews,greys,grias,grice,gride,grids,griff,grift,grigs,grike,grimm,grins,griot,grips,gript,gripy,grise,grist,grisy,grith,grits,grize,groat,grody,grogs,groks,groma,grone,groof,grosz,grots,grouf,grovy,grows,grrls,grrrl,grubs,grued,grues,grufe,grume,grump,grund,gryce,gryde,gryke,grype,grypt,guaco,guama,guana,guano,guans,guars,gucks,gucky,gudes,guffs,gugas,guids,guimp,guiro,gulag,gular,gulas,gules,gulet,gulfs,gulfy,gulls,gulph,gulps,gulpy,gumma,gummi,gumps,gundy,gunge,gungy,gunks,gunky,gunny,guqin,gurdy,gurge,gurls,gurly,gurns,gurry,gursh,gurus,gushy,gusla,gusle,gusli,gussy,gusts,gutsy,gutta,gutty,guyed,guyle,guyot,guyse,gwine,gyals,gyans,gybed,gybes,gyeld,gymps,gynae,gynie,gynny,gynos,gyoza,gypos,gyppo,gyppy,gyral,gyred,gyres,gyron,gyros,gyrus,gytes,gyved,gyves,haafs,haars,haber,habet,hable,habus,hacek,hacks,hadal,haded,hades,hadji,hadst,haems,haets,haffs,hafiz,hafts,haggs,hahas,haick,haida,haifa,haika,haiks,haiku,hails,haily,hains,haint,hairs,haith,haiti,hajes,hajis,hajji,hakam,hakas,hakea,hakes,hakim,hakka,hakus,halal,haled,haler,hales,halfa,halfs,halid,hallo,halls,halma,halms,halon,halos,halse,halts,halva,halwa,hamal,haman,hamba,hamed,hames,hammy,hamza,hanap,hance,hanch,hands,hangi,hangs,hanks,hanky,hanoi,hansa,hanse,hants,haole,haoma,hapax,haply,happi,hapus,haram,hards,hared,hares,harim,harks,harls,harms,harns,haros,harps,harts,hashy,hasks,hasps,hasta,hated,hates,hatha,hauds,haufs,haugh,hauld,haulm,hauls,hault,hauns,hausa,hause,haver,haves,hawed,hawks,hawms,hawse,haydn,hayed,hayer,hayes,hayey,hayle,hazan,hazed,hazer,hazes,heads,heald,heals,heame,heaps,heapy,heare,hears,heast,heats,heben,hebes,hecha,hecht,hecks,heder,hedgy,heeds,heedy,heels,heeze,hefte,hefts,hegel,heids,heigh,heils,heirs,heiss,hejab,hejra,heled,helen,heles,helio,hells,helms,helos,helot,helps,helve,hemal,hemes,hemic,hemin,hemps,hempy,hench,hends,henge,henna,henny,henry,hents,hepar,herba,herbe,herbs,herby,herds,heres,herls,herma,herms,herns,herod,heros,herry,herse,hertz,herye,hesps,hests,hetes,heths,heuch,heugh,heure,hevea,hewed,hewer,hewgh,hexad,hexed,hexer,hexes,hexyl,heyed,hiant,hicks,hided,hider,hides,hiems,hi-fi,highs,hight,hijab,hijra,hiked,hiker,hikes,hikoi,hilar,hilch,hillo,hills,hilts,hilum,hilus,himbo,hinan,hinau,hindi,hinds,hindu,hings,hinky,hinny,hints,hiois,hiply,hired,hiree,hirer,hires,hissy,hists,hithe,hived,hiver,hives,hizen,hoaed,hoagy,hoars,hoary,hoast,hobos,hocks,hocus,hodad,hodja,hoers,hogan,hogen,hoggs,hoghs,hohed,hoick,hoied,hoiks,hoing,hoise,hoity,hokan,hokas,hoked,hokes,hokey,hokis,hokku,hokum,holds,holed,holes,holey,holks,holla,hollo,holme,holms,holon,holos,holts,holus,homas,homed,homes,homey,homie,homme,honan,honda,honds,honed,honer,hones,hongi,hongs,honks,honky,honos,honte,hooch,hoods,hoody,hooey,hoofs,hooka,hooks,hooky,hooly,hoons,hoops,hoord,hoors,hoosh,hoots,hooty,hoove,hopak,hoped,hoper,hopes,hoppy,horah,horal,horas,horis,horks,horme,horns,horst,horsy,horus,hosea,hosed,hosel,hosen,hoser,hoses,hosey,hosta,hosts,hotch,hotei,hoten,hotty,houff,houfs,hough,houri,hours,houts,hovea,hoved,hoven,hoves,howbe,howes,howff,howfs,howks,howls,howre,howso,hoxed,hoxes,hoyas,hoyed,hoyle,hubby,hucks,hudna,hudud,huers,huffs,huffy,huger,huggy,huhus,huias,hulas,hules,hulks,hulky,hullo,hulls,hully,humas,humfs,humic,humps,humpy,hundi,hunks,hunts,hurds,hurls,hurly,hurra,hurst,hurts,hushy,husks,husos,hutia,huzza,huzzy,hwyls,hydra,hyens,hygge,hygre,hying,hykes,hylas,hyleg,hyles,hylic,hymns,hynde,hyoid,hyped,hypes,hypha,hyphy,hypos,hyrax,hyson,hythe,iambi,iambs,ibid.,ibrik,ibsen,icers,iched,iches,ichor,icier,icker,ickle,icons,ictal,ictic,ictus,idaho,idant,ideas,idees,ident,idled,idles,idocy,idola,idols,idyls,iftar,igapo,igged,igigi,iglus,ignis,ihram,ikans,ikats,ikons,ilama,ileac,ileal,ileum,ileus,iliad,ilial,ilium,illae,iller,illis,illth,imago,imams,imari,imaum,imbar,imbed,imbeu,imide,imido,imids,imine,imino,immew,immit,immix,imped,impis,impot,impro,imshi,imshy,in(a),in(p),inani,inapt,inarm,inbye,incel,incle,incog,incus,incut,indew,india,indic,indie,indol,indow,indra,indri,indue,indus,inerm,inest,infix,infos,infra,ingan,ingle,inion,inked,inker,inkle,inned,innit,inorb,inrun,inset,inspo,intel,intil,intis,intra,inula,inure,inurn,inust,invar,inwit,iodic,iodid,iodin,ionia,iotas,iowan,ippon,ipsus,irade,irani,irena,irids,iring,irked,iroin,iroko,irone,irons,irota,irula,isaac,isbas,isere,ishes,isled,isles,isnae,issei,issus,istic,istle,istos,italy,items,ither,ivied,ivies,ixias,ixion,ixnay,ixora,ixtle,izard,izars,izzat,jaaps,jabot,jacal,jacet,jacks,jacky,jacob,jacta,jaded,jades,jafas,jaffa,jagah,jagas,jager,jaggs,jaggy,jagir,jagra,jahre,jails,jaker,jakes,jakey,jalap,jaldi,jalop,jambe,jambo,jambs,jambu,james,jammy,jamon,janes,janns,janny,janty,janua,janus,japan,japed,japer,japes,jarks,jarls,jarps,jarta,jarul,jasey,jason,jaspe,jasps,jatos,jauks,jaups,javas,javel,jawan,jawed,jaxie,jeats,jebel,jecur,jedis,jeels,jeely,jeeps,jeers,jeeze,jefes,jeffs,jehad,jehus,jelab,jello,jells,jembe,jemmy,jenny,jeons,jerez,jerid,jerks,jerry,jesse,jests,jesus,jeter,jetes,jeton,jeune,jewed,jewie,jewis,jhala,jhuth,jiaos,jibba,jibbs,jibed,jiber,jibes,jiffs,jiggy,jigot,jihad,jills,jilts,jimmy,jimpy,jingo,jinks,jinne,jinni,jinns,jiqui,jirds,jirga,jirre,jisms,jived,jiver,jives,jivey,jnana,jnuis,jobed,jobes,jocko,jocks,jocky,jocos,jodel,joeys,johns,joins,joked,jokes,jokey,jokol,joled,joles,jolls,jolts,jolty,jomon,jomos,jonah,jones,jongs,jonty,jooks,joram,jorum,jotas,jotty,jotun,joual,jougs,jouir,jouks,joule,jours,jowar,jowed,jowls,jowly,joyed,jubas,jubeo,jubes,jucos,judas,judgy,judos,jugal,jugum,jujus,juked,jukes,jukus,julep,jumar,jumby,jumps,junco,junks,junky,jupes,jupon,jural,jurat,jurel,jures,juris,juste,justs,jutes,jutty,juves,juvie,kaama,kabab,kabar,kabob,kabul,kacha,kacks,kadai,kades,kadis,kafir,kafka,kagos,kagus,kahal,kahin,kaiak,kaids,kaies,kaifs,kaika,kaiks,kails,kaims,kaing,kains,kakas,kakis,kalam,kales,kalif,kalis,kalki,kalon,kalpa,kamas,kamba,kames,kamet,kamia,kamik,kamis,kamme,kanae,kanas,kandy,kaneh,kanes,kanga,kangs,kanji,kansa,kants,kanzu,kaons,kapas,kaphs,kapok,kapow,kapus,kaput,karas,karat,karen,karks,karns,karok,karoo,karos,karri,karst,karsy,karts,karzy,kasha,kasme,katal,katas,katis,katti,kauai,kaugh,kauri,kauru,kaury,kaval,kavas,kawas,kawau,kawed,kayle,kayos,kazak,kazan,kazis,kazoo,kbars,keats,kebar,keble,kebob,kecks,kedge,kedgy,keech,keefs,keeks,keels,keema,keeno,keens,keeps,keets,keeve,kefir,kehua,keirs,kelep,kelim,kells,kelly,kelps,kelpy,kelts,kelty,kembo,kembs,kemps,kempt,kempy,kenaf,kench,kendo,kenos,kente,kents,kenya,kepis,kerbs,kerel,kerfs,kerky,kerma,kerne,kerns,keros,kerry,kerve,kesar,kests,ketas,ketch,ketes,ketol,kevel,kevil,kexes,keyed,keyer,khadi,khafs,khana,khans,khaph,khats,khaya,khazi,kheda,kheth,khets,khmer,khoja,khors,khoum,khudd,khuds,khuen,kiaat,kiack,kiang,kibbe,kibbi,kibei,kibes,kibla,kicks,kicky,kiddo,kiddy,kidel,kidge,kiefs,kiers,kieve,kievs,kight,kikoi,kiley,kilim,kills,kilns,kilos,kilps,kilts,kilty,kimbo,kinas,kinds,kindy,kines,kings,kinin,kinks,kinos,kiore,kiowa,kipes,kippa,kipps,kirby,kirks,kirns,kirri,kisan,kissy,kists,kited,kiter,kites,kithe,kiths,kitul,kivas,kiwis,klang,klaps,klett,klick,klieg,kliks,klong,kloof,kluge,klutz,knags,knaps,knarl,knars,knaur,knawe,knees,knell,knish,knits,knive,knobs,knops,knosp,knots,knout,knowe,knows,knubs,knurl,knurr,knurs,knuts,koans,koaps,koban,kobos,kobus,koels,koffs,kofta,kogal,kogia,kohas,kohen,kohls,koine,kojis,kokam,kokas,koker,kokka,kokra,kokum,kolam,kolas,kolos,kombu,konbu,kondo,kongo,konks,kooks,kooky,koori,kopek,kophs,kopje,koppa,korai,koran,koras,korat,korea,kores,korma,koros,korun,korus,koses,kotch,kotos,kotow,koura,kraal,krabs,kraft,krais,krait,krang,krans,kranz,kraut,krays,kreep,kreng,krewe,krona,krone,kroon,krubi,krunk,krupp,ksars,kubie,kudos,kudus,kudzu,kufis,kugel,kuias,kukri,kukus,kulak,kulan,kulas,kulfi,kumis,kumys,kuris,kurre,kursi,kurta,kurus,kurux,kusan,kusso,kutas,kutch,kutis,kutus,kuzus,kvass,kvell,kwack,kwela,kyack,kyaks,kyang,kyars,kyats,kybos,kydst,kyles,kylie,kylin,kylix,kyloe,kynde,kynds,kyoto,kypes,kyrie,kytes,kythe,laari,labda,labia,labis,labra,laced,lacer,laces,lacet,lacey,lacks,laddy,laded,lader,lades,ladys,laers,laevo,lagan,lagos,lahal,lahar,laich,laics,laids,laigh,laika,laiks,laird,lairs,lairy,laith,laity,laked,laker,lakes,lakhs,lakin,laksa,laldy,lalls,lally,lamas,lamba,lambs,lamby,lamed,lamer,lames,lamia,lammy,lamna,lampe,lamps,lanai,lanas,lanch,lande,lands,lanes,lanks,lants,lapin,lapis,lapje,larch,lards,lardy,laree,lares,largo,larid,laris,larix,larks,larky,larns,larnt,larum,larus,lased,lases,lashd,lassi,lassu,lassy,lasts,latah,lated,laten,latet,latex,lathi,laths,lathy,latke,latus,lauan,lauch,laudo,lauds,laufs,laund,laura,laval,lavas,laved,laver,laves,lavra,lavvy,lawed,lawer,lawin,lawks,lawns,lawny,laxed,laxer,laxes,laxly,layby,layed,layia,layin,layup,lazar,lazed,lazes,lazos,lazzi,lazzo,leads,leady,leafs,leaks,leams,leans,leany,leaps,leare,learl,lears,leary,leats,leavy,leaze,leben,leccy,ledes,ledgy,ledum,leear,leeds,leeks,leeps,leers,leese,leets,leeze,lefte,lefts,legem,leger,leges,legge,leggo,legis,legit,legon,lehrs,lehua,leirs,leish,leman,lemed,lemel,lemes,lemma,lemme,lemna,lends,lenes,lengs,lenin,lenis,lenos,lense,lente,lenti,lento,leone,lepas,lepid,lepra,lepta,lepus,lered,leres,lerot,lerps,leses,lests,letch,lethe,letup,leuch,leuco,leuds,leugh,levas,levee,leves,levin,levis,lewis,lexes,lexis,leyte,lezes,lezza,lezzy,lhasa,liana,liane,liang,liard,liars,liart,liber,libet,libra,libri,libya,licet,lichi,licht,licit,licks,lidar,lidos,liefs,liens,liers,lieus,lieve,lifer,lifes,lifts,ligan,liger,ligge,ligne,ligno,liked,liker,likes,likin,lills,lilly,lilos,lilts,limae,liman,limas,limax,limba,limbi,limbs,limby,limed,limen,limes,limey,limma,limns,limoe,limos,limpa,limps,linac,linch,linds,lindy,linea,lined,lines,liney,linga,lings,lingy,linin,links,linky,linns,linny,linos,lints,linty,linum,linux,lions,lipas,lipes,lipin,lipos,lippy,liras,lirks,lirot,lisks,lisle,lisom,lisps,lists,litai,litas,lited,litem,liter,lites,litho,liths,litre,lived,liven,lives,livor,livre,llaga,llano,loach,loads,loafs,loams,loans,loasa,loast,loave,lobar,lobed,lobes,lobos,lobus,loche,lochs,locie,locis,locke,locks,locos,locum,loden,lodes,loeil,loess,lofts,logan,loges,loggy,logia,logie,logoi,logon,logos,lohan,loids,loins,loipe,loire,loirs,lokes,lolls,lolly,lolog,lomas,lomed,lomes,lonas,loner,longa,longe,longo,longs,looby,looed,looey,loofa,loofs,looie,lookd,looks,looky,looms,loons,loony,loops,loord,loots,loped,loper,lopes,loppy,loral,loran,lords,lordy,lorel,lores,loric,loris,losed,losel,losen,loses,lossy,lotah,lotas,lotes,lotic,lotos,lotsa,lotta,lotte,lotto,lotus,loued,lough,louie,louis,louma,lound,louns,loupe,loups,loure,lours,loury,louts,lovat,loved,loves,lovey,lovie,lovoa,lowan,lowed,lowes,lownd,lowne,lowns,lowps,lowry,lowse,lowts,loxed,loxes,loxia,lozen,luach,luaus,lubed,lubes,lubra,lucan,luces,lucks,lucre,lucri,lucus,ludes,ludic,ludos,luffa,luffs,luged,luger,luges,luggy,lukes,lulld,lulls,lulus,lumas,lumbi,lumme,lummy,lumps,lunas,lunda,lunes,lunet,lungi,lungs,lunks,lunts,lupin,lured,lurer,lures,lurex,lurgi,lurgy,lurks,lurry,lurve,luser,lushy,lusks,lusts,lusus,lutea,luted,luter,lutes,lutra,luvvy,luxed,luxer,luxes,luxor,luyia,luzon,lweis,lyams,lyard,lyart,lyase,lycea,lycee,lycra,lygus,lymes,lynch,lynes,lyram,lyres,lysed,lyses,lysin,lysis,lysol,lyssa,lyted,lytes,lythe,lytic,lytta,maaed,maana,maare,maars,mabap,mabes,macao,macas,maced,macer,maces,mache,machi,machs,macht,macks,macle,macon,macte,madge,madia,madid,madre,maerl,mafic,mages,maggs,magna,magni,magno,magog,magot,magus,mahoe,mahua,mahwa,maids,maidu,maiko,maiks,maile,maill,mails,maims,maine,mains,maire,mairs,maise,maist,makar,makes,makis,makos,malam,malar,malas,malax,malay,maldu,maleo,males,malic,malik,malis,malls,malmo,malms,malmy,malta,malto,malts,malty,malum,malus,malva,malwa,mamas,mamba,mamee,mamey,mamie,manas,manat,manda,mande,mandi,maneb,maned,maneh,manes,manet,mangs,manie,manis,manky,manna,manos,manse,mansi,manta,manto,manty,manul,manus,maori,mapau,maqui,marae,marah,maras,marcs,mardi,mardy,marek,mares,marge,margs,maria,marid,marka,marks,marle,marls,marly,marms,maron,maror,marra,marri,marse,marte,marts,marut,marvy,masai,masas,mased,maser,mases,mashi,mashy,masks,massa,massy,masts,masty,masus,matai,mated,mater,mates,maths,matin,matlo,matte,matts,matza,matzo,mauby,mauds,mauls,maund,maure,mauri,mausy,mauts,mauzy,maven,mavie,mavin,mavis,mawed,mawks,mawky,mawns,mawrs,maxed,maxes,maxis,mayan,mayas,mayed,mayos,mayst,mazed,mazer,mazes,mazey,mazut,mbira,mccoy,meads,meals,meane,means,meany,meare,mease,meath,meats,mebos,mechs,mecks,mecum,medea,medes,medii,medio,medle,medoc,meeds,meers,meets,meffs,meins,meint,meiny,meith,mekka,melas,melba,melds,meles,melia,melic,melik,mells,melts,melty,memes,memor,memos,menad,mends,mened,menes,menge,mengs,mens,mensa,mense,mensh,menta,mente,mento,menus,meous,meows,merch,merci,mercs,merde,mered,merel,merer,meres,meril,meris,merks,merle,merls,merse,mesal,mesas,mesel,meses,meshy,mesic,mesne,meson,messy,mesto,mesua,meted,metes,metho,meths,metic,metif,metis,metol,metre,meurt,meuse,meved,meves,mewed,mewls,meynt,mezes,mezze,mezzo,mhorr,miami,miaou,miaow,miasm,miaul,micas,miche,micht,micks,micky,micos,micra,midas,middy,midgy,midis,miens,mieux,mieve,miffs,miffy,mifty,miggs,mihas,mihis,miked,mikes,mikra,mikva,milan,milch,milds,miler,miles,milfs,milia,milko,milks,mille,mills,milor,milos,milpa,milts,milty,miltz,mimed,mimeo,mimer,mimes,mimir,mimsy,mimus,minae,minar,minas,mincy,minds,mined,mines,minge,mings,mingy,minis,minke,minks,minny,minos,minsk,mints,mired,mires,mirex,mirid,mirin,mirks,mirky,mirly,miros,mirvs,mirza,misce,misch,misdo,mises,misgo,misos,missa,mists,misty,mitad,mitch,miter,mites,mitis,mitra,mitre,mitts,miwok,mixen,mixer,mixes,mixte,mixup,mizen,mizzy,mneme,mnium,moans,moats,mobby,mobes,mobey,mobie,moble,mochi,mochs,mochy,mocks,moder,modes,modge,modii,modue,modus,moers,mofos,moggy,mohel,mohos,mohrs,mohua,mohur,moile,moils,moira,moire,moits,mojos,mokes,mokis,mokos,molal,molas,molds,moled,moles,molla,molls,molly,molto,molts,molva,molys,momes,momma,momus,monad,monal,monas,monde,mondo,moner,mongo,mongs,monic,monie,monks,monos,monte,monty,moobs,mooch,moods,mooed,mooks,moola,mooli,mools,mooly,moong,moons,moony,moops,moore,moors,moory,moots,moove,moped,moper,mopes,mopey,moppy,mopsy,mopus,morae,moras,morat,moray,morbo,morel,mores,moria,mormo,morne,morns,morra,morro,morse,morta,morts,morus,mosan,mosed,moses,mosey,mosks,mossa,mosso,moste,mosts,moted,moten,motes,motet,motey,moths,mothy,motis,motte,motts,motty,motus,motza,mouch,moues,mould,mouls,moups,moust,mousy,moved,moves,mowas,mowed,mowra,moxas,moxie,moyas,moyle,moyls,mozed,mozes,mozos,mpret,msasa,mucho,mucic,mucid,mucin,mucks,mucor,mucro,mudge,mudir,mudra,muffs,mufti,mugga,muggs,muggy,mugil,muhly,muids,muils,muirs,muist,mujer,mujik,mulct,muled,mules,mulet,muley,mulga,mulie,mulla,mulls,mulse,mulsh,multa,multi,mumbo,mumms,mumps,mumsy,mumus,munda,mundi,munga,munge,mungo,mungs,munis,munts,muntu,muons,muori,muove,muras,mured,murem,mures,murex,murid,murks,murls,murly,muros,murra,murre,murri,murrs,murry,murti,murus,murva,musar,musca,mused,muser,muses,muset,musgu,musha,musit,musks,musos,musse,mussy,musth,musts,mutal,mutch,muted,muter,mutes,mutha,mutis,muton,mutts,mutum,muxed,muxes,muzak,muzzy,mvule,mwera,myall,mylar,mynah,mynas,myoid,myoma,myope,myops,myopy,mysid,mysis,mythi,myths,mythy,myxos,mzees,naams,naans,nabes,nabis,nabks,nabla,nabob,nache,nacho,nacre,nadas,naeve,naevi,naffs,nagas,nager,naggy,nagor,nahal,naiad,naias,naifs,naiki,naiks,nails,naira,nairu,naker,nakfa,nalas,naled,nalla,named,namer,names,namma,nammu,namus,nanas,nance,nancy,nandu,nanna,nanos,nanua,naomi,napas,naped,napes,napha,napoo,nappa,nappe,nappy,naras,narco,narcs,nards,nares,naric,naris,narks,narky,narre,nasci,nashi,nasua,natch,nates,natis,natty,natus,nauch,naunt,nauru,navar,naves,navew,navvy,nawab,nazes,nazir,nazis,nduja,neafe,neals,neaps,nears,neath,neats,nebek,nebel,necio,necks,neddy,needs,neeld,neele,neemb,neems,neeps,neese,neeze,nefas,negev,negro,negus,nehru,neifs,neist,neive,nelis,nella,nelly,nemas,nemns,nempt,nenes,nenia,neons,nepal,neper,nepit,nepos,neque,neral,nerds,nerka,nerks,nerol,nerts,nertz,nervy,nests,netes,netop,netts,netty,neuks,neume,neums,nevel,neves,nevis,nevus,newbs,newed,newel,newie,newsy,newts,nexts,nexus,ngaio,ngana,ngati,ngoma,nguni,ngwee,niais,nicad,nicht,nicks,nicol,nidal,nided,nides,nidor,nidus,niefs,nieve,nifes,niffs,niffy,nifty,niger,nighs,nihau,nihil,nikab,nikah,nikau,nills,nilly,nimbi,nimbs,nimis,nimps,niner,nines,ninon,ninos,nintu,niobe,nipas,nippy,niqab,nirls,nirly,nisan,nisei,nisse,nisus,niter,nites,nitid,niton,nitor,nitre,nitro,nitry,nitty,nival,nixed,nixer,nixes,nixie,nixon,nizam,njord,nkosi,no(a),noahs,nobby,nobis,nocet,nocks,nodal,noddy,nodes,nodus,noels,noggs,no-go,nohow,noils,noily,noint,noire,noirs,noles,nolle,nolls,nolos,nomas,nomen,nomes,nomia,nomic,nomoi,nomos,nonas,nonce,nones,nonet,nongs,nonis,nonny,non-u,nonum,nonyl,noobe,noobs,nooit,nooks,nooky,noons,noops,nopal,noria,noris,norks,norma,norms,nosce,nosed,noser,noses,notal,noted,noter,notes,notre,notum,nould,noule,nouls,nouns,nouny,noups,novae,novas,novum,novus,noway,nowed,nowls,nowts,nowty,noxal,noxes,noyau,noyed,noyes,nubby,nubes,nubia,nucha,nuddy,nuder,nudes,nudie,nudzh,nuffs,nugae,nugas,nuked,nukes,nulla,nulli,nulls,numbs,numen,nummi,nummy,numps,nunny,nuova,nurds,nurdy,nurls,nurrs,nusku,nutso,nutsy,nwill,nyaff,nyala,nying,nyssa,oaked,oaker,oakum,oared,oases,oasis,oasts,oaten,oater,oaths,oaves,obang,obeah,obeli,obeys,obias,obied,obiit,obits,objet,oboes,obole,oboli,obols,occam,ocher,oches,ochna,ochre,ochry,ocker,ocrea,octad,octan,octas,octyl,oculi,odahs,odals,odeon,odeum,odism,odist,odium,odors,odour,odyle,odyls,oevum,ofays,offed,offie,oflag,ofter,ogams,ogeed,ogees,oggin,ogham,ogive,ogled,ogler,ogles,ogmic,ogres,ohias,ohing,ohmic,ohone,oidia,oiled,oiler,oinks,oints,ojime,okapi,okays,okehs,okras,oktas,oldie,oleic,olein,olent,oleos,oleum,olios,ollas,ollav,oller,ollie,ology,olpae,olpes,omaha,omani,omasa,omber,ombus,omens,omers,omits,omlah,omnem,omnes,omnia,omnib,omnis,omovs,omrah,on(p),oncer,onces,oncet,oncus,onely,oners,onery,onine,onium,onkus,onlay,onned,ontic,oobit,oohed,oomph,oonts,ooped,oorie,ooses,ootid,oozed,oozes,opahs,opals,opens,opepe,opima,oping,oppos,opsin,opted,opter,optez,orach,oracy,orals,orang,orant,orate,orbed,orbem,orcas,orcin,ordos,oread,orfes,orgia,orgic,orgue,oribi,oriel,origo,orion,orixa,oriya,orles,orlon,orlop,ormer,ornis,orpin,orris,ortho,orval,oryza,orzos,osage,osaka,oscan,oscar,oshac,osier,osmic,osmol,ossia,ostia,otaku,otary,otium,ottar,ottos,oubit,oucht,oudre,ouens,ouija,oulks,oumas,oundy,oupas,ouped,ouphe,ouphs,ourie,ousel,ousts,outas,outby,outed,outre,outro,outta,ouzel,ouzos,ovals,ovels,ovens,overs,ovist,ovoli,ovolo,ovule,owche,owies,owled,owler,owlet,owned,owres,owrie,owsen,oxbow,oxers,oxeye,oxids,oxies,oxime,oxims,oxlip,oxter,oyers,ozeki,ozzie,paals,paans,pacas,paced,pacem,pacer,paces,pacey,pacha,packs,pacos,pacta,pacts,padda,padis,padle,padma,padre,padri,padua,paean,paedo,paena,paeon,paged,pager,pages,pagle,pagod,pagri,paiks,pails,pains,paire,pairs,paisa,paise,pakka,palas,palay,palce,palea,paled,pales,palet,palis,palki,palla,palls,pally,palms,palmy,palpi,palps,palsa,pampa,panax,pance,panda,pands,pandy,paned,panes,panga,pangs,panim,panko,panne,panni,panto,pants,panty,paoli,paolo,papas,papaw,papes,papio,pappi,pappy,parae,paras,parch,pardi,pards,pardy,pared,paren,pareo,pares,pareu,parev,parge,pargo,paris,parit,parji,parki,parks,parky,parle,parly,parma,parol,parps,parra,parrs,parte,parti,parts,parus,parva,parve,parvo,pasch,paseo,pases,pasha,pashm,paska,paspy,passe,passu,pasts,patas,pated,paten,pater,pates,paths,patin,patka,patly,patte,patus,pauas,paulo,pauls,pavan,paved,paven,paver,paves,pavid,pavin,pavis,pawas,pawaw,pawed,pawer,pawks,pawky,pawls,pawns,paxes,payed,payor,paysd,pcoat,peage,peags,peaks,peaky,peals,peans,peare,pears,peart,pease,peats,peaty,peavy,peaze,pebas,pechs,pecke,pecks,pecky,pecos,pedes,pedir,pedis,pedro,peece,peeks,peels,peens,peeoy,peepe,peeps,peers,peery,peeve,peggy,peghs,peice,peine,peins,peise,peize,pekan,pekes,pekin,pekoe,pelas,pelau,peles,pelfs,pells,pelma,pelon,pelta,pelts,pends,pendu,pened,penes,pengo,penie,penis,penks,penna,penni,pense,pents,peons,peony,pepla,pepos,peppy,pepsi,perai,peras,perca,perce,percs,perde,perdu,perdy,perea,peres,peris,perit,perks,perms,perns,perog,perps,perry,perse,perst,perte,perth,perts,perve,pervo,pervs,pervy,pesos,pests,pesty,petar,peter,petit,petre,petri,petti,petto,pewee,pewit,peyse,phage,phang,phare,pharm,pheer,phene,pheon,phese,phial,phish,phizz,phlox,phoca,phono,phons,phots,phpht,phuts,phyla,phyle,physa,piani,pians,pibal,pical,picas,piccy,picea,pichi,picks,picot,picra,picul,picus,piend,piers,piert,pieta,piete,piets,piezo,pight,pigmy,piing,pikas,pikau,piked,piker,pikes,pikey,pikis,pikul,pilae,pilaf,pilao,pilar,pilau,pilaw,pilch,pilea,piled,pilei,piler,piles,pilis,pills,pilon,pilow,pilum,pilus,pimas,pimps,pinas,pined,pines,pingo,pings,pinko,pinks,pinna,pinny,pinon,pinot,pinta,pints,pinup,pinus,pions,piony,pious,pioye,pioys,pipal,pipas,piped,pipes,pipet,pipis,pipit,pippy,pipra,pipul,pirai,pirls,pirns,pirog,pisco,pises,pisky,pisos,pissy,piste,pisum,pitas,piths,piton,pitot,pitta,pitys,piums,pixes,pized,pizes,plaas,plack,plage,plans,plaps,plash,plasm,plast,plato,plats,platt,platy,playa,plays,pleas,plebe,plebs,plena,pleon,plesh,plews,plica,plies,plims,pling,plink,pliny,ploat,ploce,plods,plomb,plong,plonk,plook,plops,plots,plotz,plouk,plows,ploye,ploys,plues,pluff,plugs,plums,plumy,pluot,pluto,plyer,pness,poach,poaka,poake,poboy,pocks,pocky,pocos,podal,poddy,podex,podge,podgy,podia,poema,poems,poeps,poets,pogey,pogge,pogos,pohed,poilu,poind,pokal,poked,pokes,pokey,pokie,polak,poled,poler,poles,poley,polio,polis,polje,polks,polls,polly,polos,polts,polys,pombe,pomes,pommy,pomos,pomps,ponca,ponce,poncy,ponds,pones,poney,ponga,pongo,pongs,pongy,ponks,ponts,ponty,ponzu,poods,pooed,poofs,poofy,poohs,pooja,pooka,pooks,pools,poons,poops,poopy,poori,poort,poots,poove,poovy,popes,popin,poppa,popsy,porae,poral,pored,porer,pores,porge,porgy,porin,porks,porky,porno,porns,porny,porta,porte,ports,porty,posed,poses,posey,posho,posts,potae,potch,poted,potes,potin,potoo,potos,potsy,potto,potts,potty,pouff,poufs,pouke,pouks,poule,poulp,poult,poupe,poupt,pours,pouts,powan,powin,pownd,powns,powny,powre,poxed,poxes,poynt,poyou,poyse,pozzy,ppour,praam,prads,prahu,praia,prame,prams,prana,prang,praos,prase,prate,prats,pratt,praty,praus,praya,prays,prece,predy,preed,prees,preif,prems,premy,prent,preon,preop,preps,presa,prese,prest,preux,preve,prexy,preys,prfer,prial,priam,pricy,prief,prier,pries,prigs,prill,prim,prima,primi,primp,prims,primy,prink,prion,prise,priss,prius,proas,probs,prods,proem,profs,progs,proin,proke,prole,proll,promo,proms,pronk,props,prore,proso,pross,prost,prosy,proto,proul,prows,proyn,prunt,pruta,pryer,pryse,pseud,pshaw,psion,psoae,psoai,psoas,psora,psych,psyop,ptyas,pubco,pubes,pubis,pucan,pucer,puces,pucka,pucks,puddy,pudge,pudic,pudor,pudsy,pudus,pueri,puers,puffa,puffs,puggy,pugil,puhas,pujah,pujas,pukas,puked,puker,pukes,pukey,pukka,pukus,pulao,pulas,puled,puler,pules,pulex,pulik,pulis,pulka,pulks,pulli,pulls,pully,pulmo,pulps,pulus,pumas,pumie,pumps,punas,punce,punga,pungs,punic,punji,punka,punks,punky,punny,punto,punts,punty,pupae,pupal,pupas,pupus,purda,pured,pures,purim,purin,puris,purls,purpy,purrs,pursy,purty,purus,pusan,puses,pusle,pussy,putid,puton,putti,putto,putts,puzel,pwned,pyats,pydna,pyets,pygal,pyins,pylon,pyned,pynes,pyoid,pyots,pyral,pyran,pyres,pyrex,pyric,pyros,pyrus,pyxed,pyxes,pyxie,pyxis,pzazz,qadis,qaids,qajaq,qanat,qapik,qatar,qiana,qiang,qibla,qophs,qorma,quads,quaff,quags,quair,quais,quaky,quale,quand,quant,quare,quass,quate,quats,quayd,quays,qubit,quean,queme,quena,quern,queyn,queys,quich,quids,quiff,quims,quina,quine,quino,quins,quint,quipo,quips,quipu,quira,quire,quirt,quist,quito,quits,quoad,quods,quoif,quoin,quoit,quoll,quonk,quops,qursh,quyte,rabat,rabic,rabis,raced,races,rache,racks,racon,radge,radix,radon,raffs,rafts,ragas,ragde,raged,ragee,rager,rages,ragga,raggs,raggy,ragis,ragus,rahed,rahui,raias,raids,raiks,raile,rails,raine,rains,raird,raita,raits,rajab,rajas,rajes,raked,rakee,raker,rakes,rakia,rakis,rakus,rales,ramal,ramee,ramet,ramie,ramin,ramis,rammy,ramps,ramus,ranas,rance,rands,ranee,ranga,rangi,rangs,rangy,ranid,ranis,ranke,ranks,rants,raped,raper,rapes,raphe,rapit,rappe,rared,raree,rares,rarks,rased,raser,rases,rasps,rasse,rasta,ratal,ratan,ratas,ratch,rated,ratel,rater,rates,ratha,rathe,raths,ratoo,ratos,ratus,rauns,raupo,raved,ravel,raver,raves,ravey,ravin,rawer,rawin,rawly,rawns,raxed,raxes,rayah,rayas,rayed,rayle,rayne,razed,razee,razer,razes,razoo,readd,reads,reais,reaks,realo,reals,reame,reams,reamy,reans,reaps,rears,reast,reata,reate,reave,rebbe,rebec,rebid,rebit,rebop,rebuy,recal,recce,recco,reccy,recit,recks,recon,recta,recte,recti,recto,redan,redds,reddy,reded,redes,redet,redia,redid,redip,redly,redon,redos,redox,redry,redub,redux,redye,reech,reede,reeds,reefs,reefy,reeks,reeky,reels,reens,reest,reeve,refed,refel,reffo,refis,refix,refly,refry,regar,regem,reges,reggo,regia,regie,regis,regle,regma,regna,regni,regos,regum,regur,rehem,reich,reifs,reify,reigh,reiki,reiks,reink,reins,reird,reise,reist,reive,rejig,rejon,reked,rekes,rekey,relet,relie,relit,rello,reman,remap,remen,remet,remex,remis,remix,remus,renay,rends,rendu,reney,renga,renig,renin,renne,renos,rente,rents,reoil,reorg,repeg,repin,repla,repos,repot,repps,repro,reran,rerig,rerum,resat,resaw,resay,resee,reses,resew,resid,resit,resod,resow,reste,resto,rests,resty,resus,retag,retax,retem,retia,retie,retox,revet,revie,rewan,rewax,rewed,rewet,rewin,rewon,rewth,rexes,rezes,rheas,rheme,rheum,rhies,rhime,rhine,rhody,rhomb,rhone,rhumb,rhyne,rhyta,riads,rials,riant,riata,ribas,ribby,ribes,riced,ricer,rices,ricey,richt,ricin,ricks,rides,ridgy,ridic,riels,riems,rieve,rifer,riffs,rifte,rifts,rifty,rigel,riggs,rigol,riled,riles,riley,rille,rills,rimae,rimed,rimer,rimes,rimus,rinds,rindy,rines,rings,rinks,rioja,riots,riped,ripes,ripps,rises,rishi,risks,risps,risqu,rissa,risum,risus,rited,rites,ritts,ritzy,rivas,rived,rivel,riven,rives,riyal,rizas,roads,roams,roans,roars,roary,roate,robed,robes,roble,rocks,roded,rodes,roguy,rohes,roids,roils,roily,roins,roist,rojak,rojis,roked,roker,rokes,rolag,roles,rolfs,rolls,romal,romeo,romps,ronde,rondo,roneo,rones,ronin,ronne,ronte,ronts,roods,roofs,roofy,rooks,rooky,rooms,roons,roops,roopy,roosa,roose,roots,rooty,roped,roper,ropes,ropey,roppe,roque,roral,rores,roric,rorid,rorie,rorts,rorty,rosas,rosed,roses,roset,roshi,rosin,rosit,rosti,rosts,rotal,rotan,rotas,rotch,roted,rotes,rotis,rotls,roton,rotos,rotte,rouen,roues,roule,rouls,roums,roups,roupy,roust,routh,routs,roved,roven,roves,rowan,rowed,rowel,rowen,rowie,rowme,rownd,rowth,rowts,royne,royst,rozet,rozit,ruade,ruana,rubai,rubby,rubel,rubes,rubia,rubin,ruble,rubli,rubus,ruche,rucks,rudas,rudds,rudes,rudge,rudie,rudis,rudra,rueda,ruers,ruffe,ruffs,rugae,rugal,ruggy,ruing,ruins,rukhs,ruled,rules,rumal,rumbo,rumen,rumes,rumex,rumly,rummy,rumpo,rumps,rumpy,runch,runds,runed,runer,runes,rungs,runic,runny,runts,runty,rupia,rurps,rurus,rusas,ruses,rushy,rusks,rusma,russe,rusts,ruths,rutin,rutty,ryals,rybat,ryked,rykes,rymme,rynds,ryots,ryper,saags,sabah,sabal,sabed,saber,sabes,sabha,sabin,sabir,sable,sabot,sabra,sabre,sacks,sacra,sacre,saddo,sades,sadhe,sadhu,sadis,sados,sadza,saepe,safar,safed,safes,sagas,sager,sages,saggy,sagos,sagum,saheb,sahib,saice,saick,saics,saids,saiga,sails,saims,saine,sains,sairs,saist,saith,sajou,sakai,saker,sakes,sakia,sakis,sakti,salai,salal,salat,salem,salep,salet,salic,salis,salix,salle,salmi,salmo,salol,salop,salpa,salps,salse,salto,salts,saltu,salue,salut,salva,saman,samas,samba,sambo,samek,samel,samen,sames,samey,samfu,samia,sammy,samoa,sampi,samps,sanaa,sands,saned,sanes,sanga,sangh,sango,sangs,sanko,sansa,sante,santo,sants,saola,saone,sapan,sapid,sapir,sapis,sapit,sapor,saran,sarda,sards,sared,saree,sarge,sargo,sarin,saris,sarks,sarky,sarod,saros,sarum,sarus,saser,sasin,sasse,satai,satan,satay,sated,satem,sates,satis,sauba,sauch,saudi,saugh,sauls,sault,saunt,saury,sauts,sauve,saved,saver,saves,savey,savin,sawah,sawan,sawed,sawer,saxes,saxon,sayed,sayer,sayid,sayne,sayon,sayst,sazes,scabs,scads,scaff,scags,scail,scala,scall,scams,scand,scans,scapa,scape,scapi,scarp,scars,scart,scath,scats,scatt,scaud,scaup,scaur,scaws,sceat,scena,scend,schav,schmo,schul,schwa,scire,sclim,scobs,scody,scogs,scoog,scoot,scopa,scops,scots,scott,scoug,scoup,scowp,scows,scrab,scrae,scrag,scran,scrat,scraw,scray,scrim,scrip,scrob,scrod,scrog,scrow,scudi,scudo,scuds,scuff,scuft,scugs,sculk,scull,sculp,sculs,scums,scups,scurf,scurs,scuse,scuta,scute,scuts,scuzz,scyes,sdayn,sdein,seale,seals,seame,seams,seamy,seans,seare,sears,sease,seats,seaze,sebum,secco,sechs,sects,seder,sedes,sedge,sedgy,sedum,seeds,seeks,seeld,seels,seely,seems,seent,seeps,seepy,seers,sefer,segar,segni,segno,segol,segos,sehri,seifs,seils,seine,seirs,seise,seism,seity,seiza,sekos,sekts,selah,selar,seles,selfs,sella,selle,sells,selma,selon,selva,semee,semel,semes,semie,semis,senas,sends,senes,sengi,senna,senor,sensa,sensi,sente,senti,sents,senvy,senza,seoul,sepad,sepal,sepic,sepoy,septa,septs,serac,serai,seral,sered,serer,seres,serfs,serge,seria,seric,serin,seris,serks,seron,serow,serra,serre,serrs,serry,servo,sesey,sessa,setae,setal,seton,setto,setts,sewan,sewar,sewed,sewel,sewen,sewin,sexed,sexer,sexes,sexto,sexts,seyen,shads,shags,shahs,shako,shakt,shalm,shaly,shama,shams,shand,shans,shaps,sharn,shash,shaul,shawm,shawn,shaws,shaya,shays,shchi,sheaf,sheal,sheas,sheds,sheel,shend,shent,sheol,sherd,shere,shero,shets,sheva,shewn,shews,shiah,shiai,shiel,shier,shies,shill,shily,shims,shina,shins,ships,shirr,shirs,shish,shiso,shist,shite,shits,shiur,shiva,shive,shivs,shlep,shlub,shmek,shmoe,shoat,shoed,shoer,shoes,shogi,shogs,shoji,shojo,shola,shool,shoon,shoos,shope,shops,shorl,shote,shots,shott,showd,shows,shoyu,shred,shris,shrow,shtik,shtum,shtup,shuha,shule,shuln,shuls,shuns,shura,shute,shuts,shwas,shyer,sials,sibbs,sibyl,sices,sicht,sicko,sicks,sicky,sidas,sided,sider,sides,sidha,sidhe,sidle,sield,siens,sient,sieth,sieur,sieze,sifts,sighd,sighs,sigil,sigla,signa,signo,signs,sigyn,sijos,sikas,siker,sikes,silds,siled,silen,siler,siles,silex,silks,sills,silos,silts,silty,silva,simar,simas,simba,simis,simon,simps,simul,sinai,sinds,sined,sines,sings,sinhs,sinks,sinky,sinus,sioux,siped,sipes,sippy,sired,siree,sires,sirih,siris,siroc,sirra,sirup,sisal,sises,sison,sista,sists,sitar,sited,sites,sithe,sitka,sitta,situp,situs,sitzt,sivan,siver,sixer,sixes,sixmo,sixte,sizar,sized,sizel,sizer,sizes,skags,skail,skald,skank,skart,skats,skatt,skaws,skean,skear,skeds,skeed,skeef,skeel,skeen,skeer,skees,skeet,skegg,skegs,skein,skelf,skell,skelm,skelp,skene,skens,skeos,skeps,skers,skets,skews,skids,skied,skies,skiey,skimo,skims,skink,skins,skint,skios,skips,skirl,skirr,skite,skits,skive,skivy,sklim,skoal,skody,skoff,skogs,skols,skool,skort,skosh,skran,skrik,skuas,skugs,skuld,skyed,skyer,skyey,skyfs,skyre,skyrs,skyte,slabs,slade,slaes,slags,slaid,slake,slams,slane,slank,slaps,slart,slats,slaty,slaws,slays,slebs,sleds,sleer,sleve,slews,sleys,slier,sliky,slily,slims,slipe,slips,slipt,slish,slits,slive,sloan,slobs,sloes,slogs,sloid,slojd,slomo,sloom,sloot,slops,slopy,slorm,slots,slove,slows,sloyd,slubb,slubs,slued,slues,sluff,slugs,sluit,slums,slurb,slurs,sluse,slyer,slype,smaak,smaik,smalm,smalt,smarm,smaze,smeek,smees,smeik,smeke,smerk,smews,smilo,smirr,smirs,smits,smogs,smoko,smolt,smoor,smoot,smore,smorg,smout,smowt,smugs,smurs,smush,smuts,snabs,snafu,snags,snaps,snarf,snark,snars,snary,snash,snath,snaws,snead,sneap,snebs,sneck,sneds,sneed,snees,snell,snibs,snick,snies,snift,snigs,snips,snipy,snirt,snits,snobs,snods,snoek,snoep,snogs,snoke,snood,snook,snool,snoot,snots,snowk,snows,snubs,snugs,snush,snyes,so(p),soaks,soaps,soare,soars,soave,sobas,socas,soces,socko,socks,socle,sodas,soddy,sodic,sodom,soepe,sofar,sofas,sofia,softa,softs,softy,soger,sohur,soils,soily,sojas,sojus,sokah,soken,sokes,sokol,solah,solan,solas,solde,soldi,soldo,solds,solea,soled,solei,soler,soles,solfa,solon,solos,solum,solus,soman,somas,somme,sonce,sonde,sones,songe,songs,sonly,sonne,sonny,sonse,sonsy,sooey,sooks,sooky,soole,sools,sooms,soops,soote,soots,sophi,sophs,sophy,sopor,soppy,sopra,soral,soras,sorbo,sorbs,sorda,sordo,sords,sored,soree,sorel,sorer,sores,sorex,sorgo,sorns,soror,sorra,sorta,sorts,sorus,sotho,soths,sotol,sotto,souce,souci,souct,sough,souks,souls,soums,soupe,soups,soupy,sours,sousa,souse,souts,sowar,sowce,sowed,sowff,sowfs,sowle,sowls,sowms,sownd,sowne,sowps,sowse,sowth,soyas,soyle,soyuz,sozin,spacy,spado,spaed,spaer,spaes,spags,spahi,spail,spain,spait,spake,spald,spale,spall,spalt,spams,spane,spang,spans,spard,spars,spart,spate,spats,spaul,spawl,spaws,spayd,spays,spaza,spazz,speal,spean,speat,specs,spect,speel,speer,speil,speir,speks,speld,spelk,speos,spero,spets,speug,spews,spewy,spial,spica,spick,spide,spier,spies,spiff,spifs,spile,spims,spina,spink,spins,spiro,spirt,spiry,spits,spitz,spivs,splay,splog,spode,spods,spoom,spoor,spoot,spork,sposa,sposh,sposo,spots,sprad,sprag,sprat,spred,sprew,sprit,sprod,sprog,sprue,sprug,spuds,spued,spuer,spues,spugs,spule,spume,spumy,spurs,sputa,spyal,spyre,squab,squaw,squeg,squid,squit,squiz,stabs,stade,stael,stags,stagy,staig,stane,stang,staph,staps,starn,starr,stars,stats,statu,staun,staws,stays,stean,stear,stedd,stede,steds,steek,steem,steen,steil,stela,stele,stell,steme,stems,stend,steno,stens,stent,steps,stept,stere,stets,stews,stewy,steys,stich,stied,sties,stilb,stile,stime,stims,stimy,stipa,stipe,stire,stirk,stirp,stirs,stive,stivy,stoae,stoai,stoas,stoat,stobs,stoep,stogy,stoit,stoln,stoma,stond,stong,stonk,stonn,stook,stoor,stope,stops,stopt,stoss,stots,stott,stoun,stoup,stour,stown,stowp,stows,strad,strae,strag,strak,strep,strew,stria,strig,strim,strix,strom,strop,strow,stroy,strum,stubs,stude,studs,stull,stulm,stumm,stums,stuns,stupa,stupe,sture,sturt,styed,styes,styli,stylo,styme,stymy,styre,styte,suant,subah,subas,subby,suber,subha,succi,sucks,sucky,sucre,sudan,sudds,sudor,sudsy,suede,suent,suers,suete,suets,suety,sugan,sughs,sugos,suhur,suids,suint,suits,sujee,sujet,sukhs,sukuk,sukur,sulci,sulfa,sulfo,sulks,sulla,sulph,sulus,sumer,sumis,summa,sumos,sumph,sumps,sunis,sunks,sunna,sunni,sunns,sunup,supes,supra,surah,sural,suras,surat,surds,sured,sures,surfs,surfy,surgy,surra,surya,sused,suses,susus,sutor,sutra,sutta,swabs,swack,swads,swage,swags,swail,swain,swale,swaly,swamy,swang,swank,swans,swaps,swapt,sward,sware,swarf,swart,swats,swayl,sways,swazi,sweal,swede,sweed,sweek,sweel,sweer,swees,sweir,swelt,swerf,sweys,swies,swigs,swile,swims,swink,swipe,swire,swiss,swith,swits,swive,swizz,swobs,swole,swoln,swops,swopt,swots,swoun,sybbe,sybil,syboe,sybow,sycee,syces,sycon,syens,syker,sykes,sylis,sylph,sylva,symar,synch,syncs,synds,syned,synes,synth,syped,sypes,syphs,syrah,syren,syria,syrus,sysop,sythe,syver,taals,taata,taber,tabes,tabid,tabis,tabla,taboe,tabor,tabun,tabus,tacan,tacca,taces,tacet,tache,tacho,tachs,tacks,tacos,tacts,taegu,taels,tafia,taggy,tagma,tagus,tahas,tahrs,taiga,taigs,taiko,tails,tains,taira,taish,taits,tajes,takas,takes,takhi,takin,takis,takky,talak,talaq,talar,talas,talcs,talcy,talea,taler,tales,talia,talks,talky,talls,talma,talpa,taluk,talus,tamal,tamed,tamen,tames,tamil,tamin,tamis,tammy,tampa,tamps,tamus,tanas,tanga,tangi,tangs,tanhs,tanka,tanks,tanky,tanna,tansy,tanti,tanto,tanty,tapas,taped,tapen,tapes,tapet,tapis,tappa,tapus,taras,tardi,tardo,tared,tares,targa,targe,tarns,taroc,tarok,taros,tarps,tarre,tarry,tarsi,tarts,tarty,tasar,tased,taser,tases,tasks,tassa,tasse,tasso,tatar,tater,tates,taths,tatie,tatou,tatts,tatus,taube,tauld,tauon,taupe,tauts,tavah,tavas,taver,tawai,tawas,tawed,tawer,tawie,tawse,tawts,taxed,taxer,taxes,taxis,taxol,taxon,taxor,taxus,tayra,tazza,tazze,t-bar,teade,teads,teaed,teaks,teals,teams,tears,teats,teaze,tebet,techs,techy,tecta,tecum,tedge,teels,teems,teend,teene,teens,teeny,teers,teffs,teggs,tegua,tegus,tehee,tehrs,teiid,teils,teind,teins,tekel,telae,telco,teles,telex,telia,telic,tells,telly,teloi,telos,telum,temed,temes,tempi,temps,tempt,temse,tenax,tench,tends,tendu,tenes,tenez,tenge,tenia,tenne,tenno,tenny,tenon,tente,tents,tenty,tenue,tenus,tepal,tepas,tepoy,terai,teras,terce,terek,teres,terfe,terfs,terga,tergo,terne,terns,terre,terry,terts,tesla,testa,teste,tests,tetes,teths,tetra,tetri,tetto,teuch,teugh,tewed,tewel,tewit,texan,texas,texes,texts,thack,thagi,thaim,thais,thale,thali,thana,thane,thang,thans,thanx,tharm,thars,thats,thaws,thawy,thebe,theca,theed,theek,thees,thegn,theic,thein,thelf,thema,thens,theow,therm,thesp,thete,thews,thewy,thigs,thilk,thill,thine,thins,thiol,thirl,thoft,thole,tholi,thoro,thorp,thoth,thous,thowl,thrae,thraw,thrid,thrip,throe,thuds,thugs,thuja,thule,thunk,thurl,thuya,thymi,thymy,tians,tiars,tiber,tibet,tical,ticca,ticed,tices,tichy,ticks,ticky,tiddy,tided,tides,tiene,tiers,tiffs,tifos,tifts,tiges,tigon,tikas,tikes,tikis,tikka,tilak,tiled,tiler,tiles,tilia,tills,tilly,tilth,tilts,timbo,timed,timeo,times,timon,timor,timps,tinas,tinca,tinct,tinds,tinea,tined,tines,tinge,tings,tinks,tinny,tints,tinty,tipis,tippy,tirer,tires,tirls,tiros,tirrs,titch,titer,titis,titre,titty,titup,titus,tiyin,tiyns,tizes,tizzy,t-man,toads,toady,toaze,tocks,tocky,tocos,todde,todea,todus,toeas,toffs,toffy,tofts,tofus,togae,togas,toged,toges,togue,tohos,toile,toils,toing,toise,toits,toity,tokay,toked,toker,tokes,tokos,tokyo,tolan,tolar,tolas,toled,toles,tolls,tolly,tolts,tolus,tolyl,toman,tombe,tombs,tomes,tomia,tommy,tomos,tondi,tondo,toned,toner,tones,toney,tongs,tongu,tonka,tonks,tonne,tonue,tonus,tools,tooms,toona,toons,toots,toped,topee,topek,toper,topes,tophe,tophi,tophs,topis,topoi,topos,toppy,topsy,toque,torah,toran,toras,torcs,tores,toric,torii,toros,torot,torrs,torse,torsi,torsk,torta,torte,torts,tosas,tosed,toses,toshy,tossy,toted,toter,totes,totis,totty,totus,toucb,touks,touns,tours,touse,tousy,toute,touts,touze,touzy,towed,towie,towns,towny,towse,towsy,towts,towze,towzy,toyed,toyer,toyon,toyos,tozed,tozes,tozie,trabs,trads,tragi,traik,trams,trank,tranq,trans,trant,trapa,trape,traps,trapt,trass,trats,tratt,trave,trayf,trays,treck,treed,treen,trees,trefa,treif,treks,trema,trems,tress,trest,trets,trews,treyf,treys,triac,tride,trier,tries,triff,triga,trigo,trigs,trike,trild,trill,trims,trine,trins,triol,trior,trios,trips,tripy,trist,troad,troak,troat,trock,trode,trods,troes,trogs,trois,troke,tromp,trona,tronc,trone,tronk,trons,trooz,troth,trots,trows,troys,trued,trues,trugo,trugs,trull,tryer,tryke,tryma,tryps,tsade,tsadi,tsars,tsked,tsuba,tsubo,tsuga,tuans,tuart,tuath,tubae,tubam,tubar,tubas,tubby,tubed,tubes,tucks,tudor,tufas,tuffe,tuffs,tufts,tufty,tugra,tuile,tuina,tuism,tuktu,tules,tulit,tulpa,tulsa,tulsi,tumid,tummy,tumps,tumpy,tunas,tunds,tuned,tuner,tunes,tunga,tungs,tunis,tunny,tupek,tupik,tuple,tuque,turds,turfs,turfy,turin,turki,turks,turme,turms,turns,turnt,turpi,turps,turrs,turvy,tushy,tusks,tusky,tutee,tutti,tutto,tutty,tutus,tuxes,tuyer,twaes,twain,twals,twank,twats,tways,tweel,tween,tweep,tweer,twerk,twerp,twier,twigs,twill,twilt,twink,twins,twiny,twire,twirp,twite,twits,twoer,twyer,tyche,tyees,tyers,tyiyn,tykes,tyler,tymps,tynde,tyned,tynes,typal,typed,types,typey,typha,typic,typos,typps,typto,tyran,tyred,tyres,tyrol,tyros,tythe,tzars,ubykh,udals,udons,ugali,ugged,ugric,uhlan,uhuru,uigur,ukase,ulama,ulans,ulcus,ulema,ulmin,ulmus,ulnad,ulnae,ulnar,ulnas,ulpan,ultio,ulvas,ulyie,ulzie,umami,umbel,umber,umble,umbos,umbre,umiac,umiak,umiaq,ummah,ummas,ummed,umped,umphs,umpie,umpty,umrah,umras,unais,unapt,unarm,unary,unaus,unbag,unban,unbar,unbed,unbid,unbox,uncap,unces,uncia,uncos,uncoy,uncus,undam,undee,undos,undug,uneth,unfix,ungag,unget,ungod,ungot,ungue,ungum,unhat,unhip,uniat,unica,units,unjam,unked,unket,unkid,unlaw,unlay,unled,unlet,unlid,unman,unmew,unmix,unpay,unpeg,unpen,unpin,unred,unrid,unrig,unrip,unsaw,unsay,unsee,unsew,unsex,unsod,untax,untin,unwet,unwit,unwon,up(a),up(p),upbow,upbye,updos,updry,upend,upjet,uplay,upled,uplit,upped,upran,uprun,upsee,upsey,uptak,upter,uptie,upupa,uraei,urali,urals,uraos,urare,urari,urase,urate,urbex,urbia,urbis,urdee,ureal,ureas,uredo,ureic,urena,urent,urged,urger,urges,urial,urite,urman,urnal,urnam,urned,urped,ursae,ursid,urson,ursus,urubu,urvas,users,ushas,usine,usnea,usque,usure,usury,uteri,utica,uveal,uveas,uvula,uzbek,vache,vacua,vaded,vades,vaduz,vagal,vagas,vagus,vails,vaire,vairs,vairy,vajra,vakas,vakil,valde,vales,valis,valmy,valse,vamps,vampy,vanda,vaned,vanes,vangs,vanir,vants,vaped,vaper,vapes,varan,varas,vardy,varec,vares,varia,varix,varna,varus,varve,vasal,vases,vasts,vasty,vaten,vatic,vatum,vatus,vauch,vaute,vauts,vawte,vaxes,v-day,veale,veals,vealy,vedas,vedic,veena,veeps,veers,veery,vegas,veges,vegie,vegos,vehis,vehme,veils,veily,veins,veiny,velar,velds,veldt,veles,velis,velit,vells,velow,velum,venae,venal,vends,vendu,veney,venge,venin,venir,venit,vents,venus,verba,verbs,verpa,verra,verre,verry,versa,verst,verte,verts,vertu,verum,vespa,vesta,vests,vetch,veuve,vexed,vexer,vexes,vexil,vezir,vials,viand,vibes,vibex,vibey,viced,vices,vichy,vicia,vidua,vient,viers,vieux,views,viewy,vifda,viffs,vigas,vigia,vigna,vilde,viler,villi,vills,vimen,vinal,vinas,vinca,vined,viner,vines,vinew,vinic,vinos,vints,viold,viols,vired,vireo,vires,virga,virge,virgo,virid,virls,virtu,virum,visas,vised,vises,visie,visne,vison,visto,visum,visus,vitae,vitam,vitas,vitex,vitia,vitis,vitro,vitta,vivas,vivat,vivda,viver,vives,vivit,vivre,vixit,vizir,vizla,vizor,vleis,vlies,vlogs,voars,vobis,vocab,voces,vocis,voddy,vodou,vodun,voema,vogie,vogul,voids,voile,voips,volae,volar,volat,voled,voles,volet,volga,volie,volks,volta,volte,volti,volto,volts,volva,volve,vomer,vosky,voted,votes,votis,vouge,voulu,vowed,vower,voxel,vozhd,vraic,vrils,vroom,vrous,vrouw,vrows,vuggs,vuggy,vughs,vughy,vulgo,vulns,vultu,vulva,vutty,vwith,waacs,wacke,wacko,wacks,wadds,waddy,waded,wader,wades,wadge,wadis,wadts,waffs,wafts,waged,wages,wagga,wagyu,wahoo,waide,waifs,waift,wails,wains,wairs,waite,waits,wakas,waked,waken,waker,wakes,wakfs,waldo,walds,waled,waler,wales,walie,walis,walks,walla,walls,wally,walty,wamed,wames,wamus,wands,waned,wanes,waney,wangs,wanks,wanky,wanle,wanly,wanna,wants,wanty,wanze,waqfs,warbs,warby,wards,wared,wares,warez,warji,warks,warms,warns,warps,warre,warst,warts,wases,washy,wasms,wasps,waspy,wasts,watap,watts,wauff,waugh,wauks,waulk,wauls,waurs,waved,waves,wavey,wawas,wawes,wawls,waxed,waxer,waxes,wayed,wazir,wazoo,weald,weals,weamb,weans,wears,webby,weber,wecht,wedel,wedgy,weeds,weeke,weeks,weels,weems,weens,weeny,weeps,weepy,weest,weete,weets,wefte,wefts,weids,weile,weils,weirs,weise,weiss,weize,wekas,welds,welke,welks,welkt,wells,welly,welts,wembs,wench,wends,wenge,wenny,wents,weros,wersh,werth,wests,wetas,wetly,wexed,wexes,whamo,whams,whang,whaps,whare,whata,whats,whaup,whaur,wheal,whean,whear,wheen,wheep,wheft,whelk,whelm,whens,whets,whews,wheys,whids,whift,whigs,whilk,whims,whins,whios,whipe,whips,whipt,whirr,whirs,whish,whiss,whist,whits,whity,whizz,whomp,whoof,whoot,whops,whore,whorl,whort,whoso,whows,whump,whups,whyda,wicca,wicks,wicky,widdy,wides,wiels,wifed,wifes,wifey,wifie,wifty,wigan,wigga,wiggy,wikis,wilco,wilds,wiled,wiles,wilga,wilig,wilis,wilja,wills,wilts,wimps,winds,wined,wines,winey,winge,wings,wingy,winks,winna,winns,winos,winze,wiped,wiper,wipes,wired,wirer,wires,wirra,wised,wises,wisha,wisht,wisps,wists,witan,wited,wites,withe,withs,withy,wived,wiver,wives,wizen,wizes,woads,woald,wocks,woden,wodge,woful,wojus,woker,wokka,wolds,wolfs,wolly,wolof,wolve,wombs,womby,womyn,wonga,wongi,wonks,wonky,wonts,woods,wooed,woofs,woofy,woold,wools,woons,woops,woopy,woose,woosh,wootz,words,worms,wormy,worts,wotan,wowed,wowee,woxen,wrang,wraps,wrapt,wrast,wrate,wrawl,wrens,wrick,wried,wrier,wries,writs,wroke,wroot,wroth,wryer,wuddy,wudus,wulls,wurst,wuses,wushu,wussy,wuxia,wyled,wyles,wynds,wynns,wyted,wytes,xebec,xenia,xenic,xenon,xeres,xeric,xerox,xerus,xhosa,xoana,xrays,xviii,xylan,xylem,xylic,xylol,xylyl,xyris,xysti,xysts,yaars,yabas,yabba,yabby,yacca,yacka,yacks,yaffs,yager,yages,yagis,yahoo,yaird,yakka,yakow,yakut,yales,yalta,yamen,yampy,yamun,yanan,yangs,yanks,yapok,yapon,yapps,yappy,yarak,yarco,yards,yarer,yarfa,yarks,yarns,yarrs,yarta,yarto,yates,yauds,yauld,yaups,yawed,yawey,yawls,yawns,yawny,yawps,ybore,yclad,ycled,ycond,ydrad,ydred,yeads,yeahs,yealm,yeans,yeard,years,yeats,yecch,yechs,yechy,yedes,yeeds,yeesh,yeggs,yeild,yelks,yells,yelms,yelps,yelts,yemen,yenta,yente,yerba,yerds,yerks,yeses,yesks,yests,yesty,yetis,yetts,yeuks,yeuky,yeven,yeves,yewen,yexed,yexes,yfere,yiked,yikes,yills,yince,yipes,yippy,yirds,yirks,yirrs,yirth,yites,yitie,ylems,ylike,ylkes,ymolt,ympes,yobbo,yobby,yocks,yodel,yodhs,yodle,yogas,yogee,yoghs,yogic,yogin,yogis,yoick,yojan,yoked,yokel,yoker,yokes,yokul,yolks,yolky,yomim,yomps,yonic,yonis,yonks,yoofs,yoops,yores,yorks,yorps,youks,youre,yourn,yourt,youse,yowed,yowes,yowie,yowls,yowza,yo-yo,ypres,yrapt,yrent,yrivd,yrneh,ysame,ytost,yuans,yucas,yucca,yucch,yucko,yucks,yucky,yufts,yugas,yuked,yukes,yukky,yukon,yukos,yulan,yules,yuman,yummo,yummy,yumps,yupon,yuppy,yurta,yurts,yuzus,zabra,zacks,zaida,zaidy,zaire,zakat,zaman,zambo,zamia,zanja,zante,zanza,zanze,zappy,zapus,zarfs,zaris,zatis,zaxes,zayin,zazen,zeals,zebec,zebub,zebus,zedas,zeins,zendo,zerda,zerks,zeros,zests,zetas,zexes,zezes,zhomo,zibet,zieht,ziffs,zigan,zilas,zilch,zilla,zills,zimbi,zimbs,zinco,zincs,zincy,zineb,zines,zings,zingy,zinke,zinky,zippo,zippy,ziram,zitis,zizel,zizit,zlote,zloty,zoaea,zobos,zobus,zocco,zocle,zoeae,zoeal,zoeas,zoism,zoist,zomba,zombi,zonae,zonam,zonda,zoned,zoner,zones,zonks,zooea,zooey,zooid,zooks,zooms,zoons,zooty,zoppa,zoppo,zoril,zoris,zorro,zouks,zowee,zowie,zulus,zupan,zupas,zuppa,zurfs,zuzim,zygal,zygon,zymes,zymic